Jassa_L10C_F_10,T,C,A,C,C,T,C,G,C,G,C,A,T,T,A,C,T,A,C,A,C,C,T,T,C,G,A,,,,,,,,,,,,,,,,,,,,,,,,,,,,,,,
Jassa_S11B01_F_17,T,C,A,C,C,T,C,G,C,G,C,A,T,T,A,C,T,A,C,A,C,C,T,T,C,G,A,,,,,,,,,,,,,,,,,,,,,,,,,,,,,,,
Jassa_L10A_F_18,T,C,A,C,C,T,C,G,C,G,C,A,T,T,A,C,T,A,C,A,C,C,T,T,C,G,A,,,,,,,,,,,,,,,,,,,,,,,,,,,,,,,
Jassa_SP0654_F_18,T,C,A,C,C,T,C,G,C,G,C,A,T,T,A,C,T,A,C,A,C,C,T,T,C,G,A,,,,,,,,,,,,,,,,,,,,,,,,,,,,,,,
Jassa_L10C_F_20,T,C,A,C,C,T,C,G,C,G,C,A,T,T,A,C,T,A,C,A,C,C,T,T,C,G,A,,,,,,,,,,,,,,,,,,,,,,,,,,,,,,,
Jassa_SP0654_F_28,T,C,A,C,C,T,C,G,C,G,C,A,T,T,A,C,T,A,C,A,C,C,T,T,C,G,A,,,,,,,,,,,,,,,,,,,,,,,,,,,,,,,
Jassa_SP0654_F_29,T,C,A,C,C,T,C,G,C,G,C,A,T,T,A,C,T,A,C,A,C,C,T,T,C,G,A,,,,,,,,,,,,,,,,,,,,,,,,,,,,,,,
Jassa_SP0654_F_34,T,C,A,C,C,T,C,G,C,G,C,A,T,T,A,C,T,A,C,A,C,C,T,T,C,G,A,,,,,,,,,,,,,,,,,,,,,,,,,,,,,,,
Jassa_L10C_F_35,,C,A,C,C,T,C,G,C,G,C,A,T,T,A,C,T,A,C,A,C,C,T,T,,,,,,,,,,,,,,,,,,,,,,,,,,,,,,,,,,
Jassa_SP0654_F_40,T,C,A,C,C,T,C,G,C,G,C,A,T,T,A,C,T,A,C,A,C,C,T,T,C,G,A,,,,,,,,,,,,,,,,,,,,,,,,,,,,,,,
Jassa_SP0654_F_41,T,C,A,C,C,T,C,G,C,G,C,A,T,T,A,C,T,A,C,A,C,C,T,T,C,G,A,,,,,,,,,,,,,,,,,,,,,,,,,,,,,,,
Jassa_SP0654_F_42,T,C,A,C,C,T,C,G,C,G,C,A,T,T,A,C,T,A,C,A,C,C,T,T,C,G,A,,,,,,,,,,,,,,,,,,,,,,,,,,,,,,,
Jassa_SP0654_F_43,T,C,A,C,C,T,C,G,C,G,C,A,T,T,A,C,T,A,C,A,C,C,T,T,C,G,A,,,,,,,,,,,,,,,,,,,,,,,,,,,,,,,
Jassa_SP0654_F_47,T,C,A,C,C,T,C,G,C,G,C,A,T,T,A,C,T,A,C,A,C,C,T,T,C,G,A,,,,,,,,,,,,,,,,,,,,,,,,,,,,,,,
Jassa_ST0729_F_68,T,C,A,C,C,T,C,G,C,G,C,A,T,T,A,C,T,A,C,A,C,C,T,T,C,G,A,,,,,,,,,,,,,,,,,,,,,,,,,,,,,,,
GenBank: KT209580.1,T,C,A,C,C,T,C,G,C,G,C,A,T,T,A,C,T,A,C,A,C,C,T,T,C,G,A,,,,,,,,,,,,,,,,,,,,,,,,,,,,,,,
Jassa_ST0729_F_12,C,C,A,T,T,T,C,G,T,A,C,G,C,T,A,C,T,A,T,A,T,C,T,C,C,A,A,,,,,,,,,,,,,,,,,,,,,,,,,,,,,,,
Jassa_S11B01_F_20,C,C,A,T,T,T,C,G,T,A,C,G,C,T,A,T,T,A,T,A,T,C,T,C,C,A,A,,,,,,,,,,,,,,,,,,,,,,,,,,,,,,,
Jassa_SP0654_F_26,C,C,A,T,T,T,C,G,T,A,C,G,C,T,A,C,T,A,T,A,T,C,T,C,C,A,A,,,,,,,,,,,,,,,,,,,,,,,,,,,,,,,
Jassa_SP0654_F_35,C,C,A,T,T,T,C,G,T,A,C,G,C,T,A,C,T,A,T,A,T,C,T,C,C,A,A,,,,,,,,,,,,,,,,,,,,,,,,,,,,,,,
Jassa_S11B01_F_40,,C,A,T,T,T,C,G,T,A,C,G,C,T,A,,,,,,,,,,,,,,,,,,,,,,,,,,,,,,,,,,,,,,,,,,,
Jassa_ST0725_F_44,C,C,A,T,T,T,C,G,T,A,C,G,C,T,A,C,T,A,T,A,T,C,T,C,C,A,A,,,,,,,,,,,,,,,,,,,,,,,,,,,,,,,
Jassa_S11B01_F_44,C,C,A,T,T,T,C,G,T,A,C,G,C,T,A,,,,,,,,,,,,,,,,,,,,,,,,,,,,,,,,,,,,,,,,,,,
Jassa_ST0729_F_38,T,C,A,T,C,T,C,A,C,G,T,A,T,T,A,C,T,A,C,A,C,C,T,T,C,G,A,,,,,,,,,,,,,,,,,,,,,,,,,,,,,,,
Jassa_ST0725_F_02,T,C,A,T,T,C,C,G,C,A,C,A,T,T,A,T,T,A,T,A,T,C,T,T,C,A,A,,,,,,,,,,,,,,,,,,,,,,,,,,,,,,,
Jassa_SW0935_F_21,T,C,A,T,T,C,C,G,C,A,C,A,T,T,A,T,T,A,T,A,T,C,T,T,C,A,A,,,,,,,,,,,,,,,,,,,,,,,,,,,,,,,
Jassa_SW0935_F_23,T,C,A,T,T,C,C,G,C,A,C,A,T,T,A,T,T,A,T,A,T,C,T,T,C,A,A,,,,,,,,,,,,,,,,,,,,,,,,,,,,,,,
Jassa_SW0935_F_11,T,C,A,T,T,G,G,G,C,A,C,A,T,C,A,C,T,A,T,C,T,C,T,T,C,,,,,,,,,,,,,,,,,,,,,,,,,,,,,,,,,
Jassa_SW0933_F_01,T,C,A,T,T,T,C,C,C,A,C,A,T,G,A,T,C,A,T,A,T,C,T,T,C,A,A,,,,,,,,,,,,,,,,,,,,,,,,,,,,,,,
Jassa_SW0933_F_04,T,C,A,T,T,T,C,C,C,A,C,A,T,G,A,T,C,A,T,A,T,C,T,T,C,A,A,,,,,,,,,,,,,,,,,,,,,,,,,,,,,,,
Jassa_SW0936_F_01,T,C,A,T,T,T,C,C,C,A,C,A,T,G,A,T,T,A,T,A,T,C,T,T,C,A,A,,,,,,,,,,,,,,,,,,,,,,,,,,,,,,,
Jassa_SW0936_F_02,T,C,A,T,T,T,C,C,C,A,C,A,T,G,A,T,T,A,T,A,,,,,,,,,,,,,,,,,,,,,,,,,,,,,,,,,,,,,,
Jassa_L10C_F_04,T,C,A,T,T,T,C,C,C,A,C,A,T,G,A,,,,,,,,,,,,,,,,,,,,,,,,,,,,,,,,,,,,,,,,,,,
Jassa_L10A_F_05,,C,A,T,T,T,C,C,C,A,C,A,T,G,A,,,,,,,,,,,,,,,,,,,,,,,,,,,,,,,,,,,,,,,,,,,
Jassa_SP0654_F_05,T,C,A,T,T,T,C,C,C,A,C,A,T,G,A,T,T,A,T,A,T,C,T,T,C,A,A,,,,,,,,,,,,,,,,,,,,,,,,,,,,,,,
Jassa_L10A_F_06,T,C,A,T,T,T,C,C,C,A,C,A,T,G,A,T,T,A,T,A,T,C,T,T,C,A,A,,,,,,,,,,,,,,,,,,,,,,,,,,,,,,,
Jassa_SW0937_F_06,T,C,A,T,T,T,C,C,C,A,C,A,T,G,A,T,T,A,T,A,T,C,T,T,C,A,A,,,,,,,,,,,,,,,,,,,,,,,,,,,,,,,
Jassa_SW0937_F_08,T,C,A,T,T,T,C,C,C,A,C,A,T,G,A,T,T,A,,,,,,,,,,,,,,,,,,,,,,,,,,,,,,,,,,,,,,,,
Jassa_SP0654_F_08,T,C,A,T,T,T,C,C,C,A,C,A,T,G,A,T,T,A,T,A,T,C,T,T,C,A,A,,,,,,,,,,,,,,,,,,,,,,,,,,,,,,,
Jassa_L10A_F_10,,C,A,T,T,T,C,C,C,A,C,A,T,G,A,T,T,A,T,A,T,C,T,T,C,A,A,,,,,,,,,,,,,,,,,,,,,,,,,,,,,,,
Jassa_SP0654_F_11,T,C,A,T,T,T,C,C,C,A,C,A,T,G,A,T,T,A,T,A,T,C,T,T,C,A,A,,,,,,,,,,,,,,,,,,,,,,,,,,,,,,,
Jassa_SW0943_F_12,T,C,A,T,T,T,C,C,C,A,C,A,T,G,A,T,T,A,T,A,T,C,T,T,C,A,A,,,,,,,,,,,,,,,,,,,,,,,,,,,,,,,
Jassa_SW0939_F_17,T,C,A,T,T,T,C,C,C,A,C,A,T,G,A,T,T,A,T,A,T,C,T,T,C,A,A,,,,,,,,,,,,,,,,,,,,,,,,,,,,,,,
Jassa_SW0939_F_24,T,C,A,T,T,T,C,C,C,A,C,A,T,G,A,T,T,A,,,,,,,,,,,,,,,,,,,,,,,,,,,,,,,,,,,,,,,,
Jassa_SW0937_F_26,,C,A,T,T,T,C,C,C,A,C,A,T,G,A,,,,,,,,,,,,,,,,,,,,,,,,,,,,,,,,,,,,,,,,,,,
Jassa_SW0934_F_27,T,C,A,T,T,T,C,C,C,A,C,A,T,G,A,T,T,A,T,A,T,C,T,T,C,A,A,,,,,,,,,,,,,,,,,,,,,,,,,,,,,,,
Jassa_SW0937_F_32,T,C,A,T,T,T,C,C,C,A,C,A,T,G,A,T,T,A,T,A,T,C,T,T,C,A,A,,,,,,,,,,,,,,,,,,,,,,,,,,,,,,,
Jassa_SW0939_F_32,T,C,A,T,T,T,C,C,C,A,C,A,T,G,A,T,T,A,T,A,T,C,T,T,C,A,A,,,,,,,,,,,,,,,,,,,,,,,,,,,,,,,
Jassa_SP0654_F_33,T,C,A,T,T,T,C,C,C,A,C,A,T,G,A,T,T,A,T,A,T,C,T,T,C,A,A,,,,,,,,,,,,,,,,,,,,,,,,,,,,,,,
Jassa_L10A_F_36,T,C,A,T,T,T,C,C,C,A,C,A,T,G,A,T,T,A,T,A,T,C,T,T,C,A,A,,,,,,,,,,,,,,,,,,,,,,,,,,,,,,,
Jassa_L10A_F_39,,C,A,T,T,T,C,C,C,A,C,A,T,G,A,T,T,A,T,A,T,C,T,T,C,A,A,,,,,,,,,,,,,,,,,,,,,,,,,,,,,,,
Jassa_ST0729_F_40,T,C,A,T,T,T,C,C,C,A,C,A,T,G,A,T,T,A,T,A,T,C,T,T,C,A,A,,,,,,,,,,,,,,,,,,,,,,,,,,,,,,,
Jassa_SW0935_F_41,T,C,A,T,T,T,C,C,C,A,C,A,T,G,A,T,T,A,T,A,T,C,T,T,C,A,A,,,,,,,,,,,,,,,,,,,,,,,,,,,,,,,
Jassa_SW0943_F_41,T,C,A,T,T,T,C,C,C,A,C,A,T,G,A,T,T,A,T,A,T,C,T,T,C,A,A,,,,,,,,,,,,,,,,,,,,,,,,,,,,,,,
Jassa_L10A_F_43,T,C,A,T,T,T,C,C,C,A,C,A,T,G,A,T,T,A,T,A,T,C,T,T,C,A,A,,,,,,,,,,,,,,,,,,,,,,,,,,,,,,,
Jassa_L10C_F_45,,C,A,T,T,T,C,C,C,A,C,A,T,G,A,T,T,A,T,A,T,C,T,T,C,A,A,,,,,,,,,,,,,,,,,,,,,,,,,,,,,,,
Jassa_L10C_F_46,,C,A,T,T,T,C,C,C,A,C,A,T,G,A,T,T,A,T,A,T,C,T,T,C,A,A,,,,,,,,,,,,,,,,,,,,,,,,,,,,,,,
Jassa_L10A_F_47,,C,A,T,T,T,C,C,C,A,C,A,T,G,A,T,T,A,T,A,T,C,T,,,,,,,,,,,,,,,,,,,,,,,,,,,,,,,,,,,
Jassa_SW0942_F_47,T,C,A,T,T,T,C,C,C,A,C,A,T,G,A,,,,,,,,,,,,,,,,,,,,,,,,,,,,,,,,,,,,,,,,,,,
Jassa_SP0225_F_47,T,C,A,T,T,T,C,C,C,A,C,A,T,G,A,T,T,A,T,A,,,,,,,,,,,,,,,,,,,,,,,,,,,,,,,,,,,,,,
Jassa_Godewind_F_30,T,C,A,T,T,T,C,C,T,A,C,G,C,T,A,T,T,A,T,A,T,C,C,C,C,A,G,,,,,,,,,,,,,,,,,,,,,,,,,,,,,,,
Jassa_Godewind_F_44,T,C,A,T,T,T,C,C,T,A,C,G,C,T,A,T,T,A,T,A,T,C,C,,,,,,,,,,,,,,,,,,,,,,,,,,,,,,,,,,,
Jassa_SW0942_F_10,T,C,A,T,T,T,C,G,C,A,C,A,C,G,A,C,T,A,T,A,T,C,T,T,C,A,A,,,,,,,,,,,,,,,,,,,,,,,,,,,,,,,
Jassa_SW0940_F_15,T,C,A,T,T,T,C,G,C,A,C,A,C,G,A,C,T,A,T,A,T,C,T,T,C,A,A,,,,,,,,,,,,,,,,,,,,,,,,,,,,,,,
Jassa_SW0940_F_26,T,C,A,T,T,T,C,G,C,A,C,A,C,G,A,C,T,A,T,A,T,C,T,T,C,A,A,,,,,,,,,,,,,,,,,,,,,,,,,,,,,,,
Jassa_SW0932_F_04,T,C,A,T,T,T,C,G,C,A,C,A,C,G,A,T,C,A,T,A,T,C,T,T,C,A,A,,,,,,,,,,,,,,,,,,,,,,,,,,,,,,,
Jassa_SW0933_F_40,,C,A,T,T,T,C,G,C,A,C,A,C,G,A,T,C,A,,,,,,,,,,,,,,,,,,,,,,,,,,,,,,,,,,,,,,,,
Jassa_SW0936_F_03,T,C,A,T,T,T,C,G,C,A,C,A,C,G,A,T,T,A,T,A,T,C,T,T,C,A,A,,,,,,,,,,,,,,,,,,,,,,,,,,,,,,,
Jassa_SW0936_F_04,T,C,A,T,T,T,C,G,C,A,C,A,C,G,A,T,T,A,T,A,T,C,T,T,C,A,A,,,,,,,,,,,,,,,,,,,,,,,,,,,,,,,
Jassa_SW0939_F_04,,,,,,,,,,,,A,C,G,A,T,T,A,T,A,T,C,T,T,C,A,A,,,,,,,,,,,,,,,,,,,,,,,,,,,,,,,
Jassa_ST0725_F_05,T,C,A,T,T,T,C,G,C,A,C,A,C,G,A,T,T,A,T,A,T,C,T,T,C,A,A,,,,,,,,,,,,,,,,,,,,,,,,,,,,,,,
Jassa_SW0936_F_05,T,C,A,T,T,T,C,G,C,A,C,A,C,G,A,T,T,A,T,A,T,C,T,T,C,A,A,,,,,,,,,,,,,,,,,,,,,,,,,,,,,,,
Jassa_SW0937_F_05,T,C,A,T,T,T,C,G,C,A,C,A,C,G,A,T,T,A,T,A,T,C,T,T,C,A,A,,,,,,,,,,,,,,,,,,,,,,,,,,,,,,,
Jassa_SW0936_F_06,T,C,A,T,T,T,C,G,C,A,C,A,C,G,A,T,T,A,T,A,T,C,T,T,C,A,A,,,,,,,,,,,,,,,,,,,,,,,,,,,,,,,
Jassa_S11B01_F_06,,C,A,T,T,T,C,G,C,A,C,A,C,G,A,T,T,A,T,A,T,C,T,T,C,A,A,,,,,,,,,,,,,,,,,,,,,,,,,,,,,,,
Jassa_ST0729_F_07,T,C,A,T,T,T,C,G,C,A,C,A,C,G,A,T,T,A,T,A,T,C,T,T,C,A,A,,,,,,,,,,,,,,,,,,,,,,,,,,,,,,,
Jassa_SW0936_F_07,T,C,A,T,T,T,C,G,C,A,C,A,C,G,A,T,T,A,T,A,T,C,T,T,C,A,A,,,,,,,,,,,,,,,,,,,,,,,,,,,,,,,
Jassa_SW0936_F_08,T,C,A,T,T,T,C,G,C,A,C,A,C,G,A,T,T,A,T,A,T,C,T,T,C,A,A,,,,,,,,,,,,,,,,,,,,,,,,,,,,,,,
Jassa_S11B01_F_18,,C,A,T,T,T,C,G,C,A,C,A,C,G,A,T,T,A,T,A,T,C,T,T,C,A,A,,,,,,,,,,,,,,,,,,,,,,,,,,,,,,,
Jassa_ST0725_F_21,T,C,A,T,T,T,C,G,C,A,C,A,C,G,A,T,T,A,T,A,T,C,T,T,C,A,A,,,,,,,,,,,,,,,,,,,,,,,,,,,,,,,
Jassa_S11B01_F_31,,,,,,,,,,,,A,C,G,A,T,T,A,T,A,T,C,T,T,C,A,A,,,,,,,,,,,,,,,,,,,,,,,,,,,,,,,
Jassa_L10A_F_33,,C,A,T,T,T,C,G,C,A,C,A,C,G,A,T,T,A,T,A,T,C,T,T,C,A,A,,,,,,,,,,,,,,,,,,,,,,,,,,,,,,,
Jassa_ST0725_F_34,T,C,A,T,T,T,C,G,C,A,C,A,C,G,A,T,T,A,T,A,T,C,T,T,C,A,A,,,,,,,,,,,,,,,,,,,,,,,,,,,,,,,
Jassa_SW0935_F_39,T,C,A,T,T,T,C,G,C,A,C,A,C,G,A,T,T,A,T,A,T,C,T,T,C,A,A,,,,,,,,,,,,,,,,,,,,,,,,,,,,,,,
Jassa_L10A_F_42,T,C,A,T,T,T,C,G,C,A,C,A,C,G,A,T,T,A,T,A,T,C,T,T,C,A,A,,,,,,,,,,,,,,,,,,,,,,,,,,,,,,,
Jassa_ST0729_F_65,T,C,A,T,T,T,C,G,C,A,C,A,C,G,A,T,T,A,T,A,T,C,T,T,C,A,A,,,,,,,,,,,,,,,,,,,,,,,,,,,,,,,
Jassa_L10C_F_11,,C,A,T,T,T,C,G,C,A,C,A,T,A,A,T,T,A,T,A,T,C,T,T,C,A,A,,,,,,,,,,,,,,,,,,,,,,,,,,,,,,,
Jassa_SW0937_F_27,T,C,A,T,T,T,C,G,C,A,C,A,T,A,A,T,T,A,T,A,T,C,T,T,C,A,A,,,,,,,,,,,,,,,,,,,,,,,,,,,,,,,
Jassa_SW0941_F_01,,,,,T,T,C,G,C,A,C,A,T,C,A,C,T,A,T,A,T,C,T,T,T,A,A,,,,,,,,,,,,,,,,,,,,,,,,,,,,,,,
Jassa_SW0942_F_02,T,C,A,T,T,T,C,G,C,A,C,A,T,C,A,C,T,A,T,A,T,C,T,T,T,A,A,,,,,,,,,,,,,,,,,,,,,,,,,,,,,,,
Jassa_SW0941_F_03,,C,A,T,T,T,C,G,C,A,C,A,T,C,A,C,T,A,T,A,T,C,T,T,T,,,,,,,,,,,,,,,,,,,,,,,,,,,,,,,,,
Jassa_SW0941_F_04,T,C,A,T,T,T,C,G,C,A,C,A,T,C,A,C,T,A,T,A,T,C,T,T,T,A,A,,,,,,,,,,,,,,,,,,,,,,,,,,,,,,,
Jassa_SW0941_F_05,,C,A,T,T,T,C,G,C,A,C,A,T,C,A,C,T,A,T,A,T,C,T,T,T,A,A,,,,,,,,,,,,,,,,,,,,,,,,,,,,,,,
Jassa_SW0941_F_07,,C,A,T,T,T,C,G,C,A,C,A,T,C,A,C,T,A,T,A,T,C,T,T,T,A,A,,,,,,,,,,,,,,,,,,,,,,,,,,,,,,,
Jassa_SW0941_F_08,,C,A,T,T,T,C,G,C,A,C,A,T,C,A,C,T,A,T,A,T,,,,,,,,,,,,,,,,,,,,,,,,,,,,,,,,,,,,,
Jassa_SW0942_F_11,T,C,A,T,T,T,C,G,C,A,C,A,T,C,A,C,T,A,T,A,T,C,T,T,T,A,A,,,,,,,,,,,,,,,,,,,,,,,,,,,,,,,
Jassa_SW0940_F_12,T,C,A,T,T,T,C,G,C,A,C,A,T,C,A,C,T,A,T,A,T,C,T,T,T,A,A,,,,,,,,,,,,,,,,,,,,,,,,,,,,,,,
Jassa_SW0940_F_13,T,C,A,T,T,T,C,G,C,A,C,A,T,C,A,C,T,A,T,A,T,C,T,T,T,A,A,,,,,,,,,,,,,,,,,,,,,,,,,,,,,,,
Jassa_SW0940_F_18,T,C,A,T,T,T,C,G,C,A,C,A,T,C,A,C,T,A,T,A,T,C,T,T,T,A,A,,,,,,,,,,,,,,,,,,,,,,,,,,,,,,,
Jassa_SW0940_F_19,T,C,A,T,T,T,C,G,C,A,C,A,T,C,A,C,T,A,T,A,T,C,T,T,T,A,A,,,,,,,,,,,,,,,,,,,,,,,,,,,,,,,
Jassa_SW0941_F_19,,C,A,T,T,T,C,G,C,A,C,A,T,C,A,C,T,A,T,A,T,C,T,T,T,A,A,,,,,,,,,,,,,,,,,,,,,,,,,,,,,,,
Jassa_SW0942_F_19,T,C,A,T,T,T,C,G,C,A,C,A,T,C,A,C,T,A,T,A,T,C,,,,,,,,,,,,,,,,,,,,,,,,,,,,,,,,,,,,
Jassa_SW0940_F_20,T,C,A,T,T,T,C,G,C,A,C,A,T,C,A,C,T,A,T,A,T,C,T,T,T,A,A,,,,,,,,,,,,,,,,,,,,,,,,,,,,,,,
Jassa_SW0942_F_20,T,C,A,T,T,T,C,G,C,A,C,A,T,C,A,C,T,A,,,,,,,,,,,,,,,,,,,,,,,,,,,,,,,,,,,,,,,,
Jassa_SW0942_F_21,T,C,A,T,T,T,C,G,C,A,C,A,T,C,A,C,T,A,T,A,T,C,T,T,T,A,A,,,,,,,,,,,,,,,,,,,,,,,,,,,,,,,
Jassa_SW0940_F_23,T,C,A,T,T,T,C,G,C,A,C,A,T,C,A,C,T,A,T,A,T,C,T,T,T,A,A,,,,,,,,,,,,,,,,,,,,,,,,,,,,,,,
Jassa_SW0940_F_28,,C,A,T,T,T,C,G,C,A,C,A,T,C,A,C,T,A,T,A,T,C,T,T,T,A,A,,,,,,,,,,,,,,,,,,,,,,,,,,,,,,,
Jassa_SW0940_F_31,T,C,A,T,T,T,C,G,C,A,C,A,T,C,A,C,T,A,T,A,T,C,T,T,T,A,A,,,,,,,,,,,,,,,,,,,,,,,,,,,,,,,
Jassa_SW0940_F_32,T,C,A,T,T,T,C,G,C,A,C,A,T,C,A,C,T,A,T,A,T,C,T,T,T,A,A,,,,,,,,,,,,,,,,,,,,,,,,,,,,,,,
Jassa_SW0941_F_32,T,C,A,T,T,T,C,G,C,A,C,A,T,C,A,C,T,A,T,A,T,C,,,,,,,,,,,,,,,,,,,,,,,,,,,,,,,,,,,,
Jassa_SW0940_F_33,,,A,T,T,T,C,G,C,A,C,A,T,C,A,C,T,A,T,A,T,C,T,T,T,A,A,,,,,,,,,,,,,,,,,,,,,,,,,,,,,,,
Jassa_SW0940_F_40,T,C,A,T,T,T,C,G,C,A,C,A,T,C,A,C,T,A,T,A,T,C,T,T,T,A,A,,,,,,,,,,,,,,,,,,,,,,,,,,,,,,,
Jassa_SW0941_F_44,,C,A,T,T,T,C,G,C,A,C,A,T,C,A,C,T,A,T,A,T,C,T,,,,,,,,,,,,,,,,,,,,,,,,,,,,,,,,,,,
Jassa_SW0933_F_03,T,C,A,T,T,T,C,G,C,A,C,A,T,C,A,T,C,A,T,A,T,C,T,T,T,A,A,,,,,,,,,,,,,,,,,,,,,,,,,,,,,,,
Jassa_SW0933_F_10,T,C,A,T,T,T,C,G,C,A,C,A,T,C,A,T,C,A,T,A,T,C,T,T,T,A,A,,,,,,,,,,,,,,,,,,,,,,,,,,,,,,,
Jassa_SW0932_F_11,T,C,A,T,T,T,C,G,C,A,C,A,T,C,A,T,C,A,T,A,T,C,T,T,T,A,A,,,,,,,,,,,,,,,,,,,,,,,,,,,,,,,
Jassa_SW0933_F_11,T,C,A,T,T,T,C,G,C,A,C,A,T,C,A,T,C,A,T,A,T,C,T,T,T,A,A,,,,,,,,,,,,,,,,,,,,,,,,,,,,,,,
Jassa_SW0932_F_12,T,C,A,T,T,T,C,G,C,A,C,A,T,C,A,T,C,A,T,A,T,C,T,T,T,A,A,,,,,,,,,,,,,,,,,,,,,,,,,,,,,,,
Jassa_SW0933_F_12,T,C,A,T,T,T,C,G,C,A,C,A,T,C,A,T,C,A,T,A,T,C,T,T,T,A,A,,,,,,,,,,,,,,,,,,,,,,,,,,,,,,,
Jassa_SW0933_F_16,T,C,A,T,T,T,C,G,C,A,C,A,T,C,A,T,C,A,T,A,T,C,T,T,T,A,A,,,,,,,,,,,,,,,,,,,,,,,,,,,,,,,
Jassa_SW0943_F_24,T,C,A,T,T,T,C,G,C,A,C,A,T,C,A,T,C,A,T,A,T,C,T,T,T,A,A,,,,,,,,,,,,,,,,,,,,,,,,,,,,,,,
Jassa_SW0932_F_28,T,C,A,T,T,T,C,G,C,A,C,A,T,C,A,T,C,A,T,A,T,C,T,T,T,A,A,,,,,,,,,,,,,,,,,,,,,,,,,,,,,,,
Jassa_SW0933_F_32,T,C,A,T,T,T,C,G,C,A,C,A,T,C,A,T,C,A,T,A,T,C,T,T,T,A,A,,,,,,,,,,,,,,,,,,,,,,,,,,,,,,,
Jassa_SW0932_F_36,T,C,A,T,T,T,C,G,C,A,C,A,T,C,A,T,C,A,T,A,T,C,T,T,T,A,A,,,,,,,,,,,,,,,,,,,,,,,,,,,,,,,
Jassa_SW0933_F_38,T,C,A,T,T,T,C,G,C,A,C,A,T,C,A,T,C,A,T,A,T,C,T,T,T,A,A,,,,,,,,,,,,,,,,,,,,,,,,,,,,,,,
Jassa_SW0932_F_39,T,C,A,T,T,T,C,G,C,A,C,A,T,C,A,T,C,A,T,A,T,C,T,T,T,A,A,,,,,,,,,,,,,,,,,,,,,,,,,,,,,,,
Jassa_SW0932_F_40,T,C,A,T,T,T,C,G,C,A,C,A,T,C,A,T,C,A,T,A,T,C,T,T,T,A,A,,,,,,,,,,,,,,,,,,,,,,,,,,,,,,,
Jassa_SW0932_F_45,T,C,A,T,T,T,C,G,C,A,C,A,T,C,A,T,C,A,T,A,T,C,T,T,T,A,A,,,,,,,,,,,,,,,,,,,,,,,,,,,,,,,
Jassa_SW0932_F_46,T,C,A,T,T,T,C,G,C,A,C,A,T,C,A,T,C,A,T,A,T,C,T,T,T,A,A,,,,,,,,,,,,,,,,,,,,,,,,,,,,,,,
Jassa_SW0932_F_47,T,C,A,T,T,T,C,G,C,A,C,A,T,C,A,T,C,A,T,A,T,C,T,T,T,A,A,,,,,,,,,,,,,,,,,,,,,,,,,,,,,,,
Jassa_SW0933_F_47,T,C,A,T,T,T,C,G,C,A,C,A,T,C,A,T,C,A,,,,,,,,,,,,,,,,,,,,,,,,,,,,,,,,,,,,,,,,
Jassa_SW0939_F_13,T,C,A,T,T,T,C,G,C,A,C,A,T,C,A,T,T,A,T,A,C,C,T,T,C,A,A,,,,,,,,,,,,,,,,,,,,,,,,,,,,,,,
Jassa_L10C_F_41      ,,C,A,T,T,T,C,G,C,A,C,A,T,C,A,T,T,A,T,A,T,C,T,T,C,A,A,,,,,,,,,,,,,,,,,,,,,,,,,,,,,,,
Jassa_SW0937_F_23,T,C,A,T,T,T,C,G,C,A,C,A,T,C,A,T,T,A,T,A,T,C,T,T,C,A,A,,,,,,,,,,,,,,,,,,,,,,,,,,,,,,,
Jassa_ST0729_F_01,T,C,A,T,T,T,C,G,C,A,C,A,T,C,A,T,T,A,T,A,T,C,T,T,T,A,A,,,,,,,,,,,,,,,,,,,,,,,,,,,,,,,
Jassa_SW0934_F_01,T,C,A,T,T,T,C,G,C,A,C,A,T,C,A,T,T,A,T,A,T,C,T,T,T,A,A,,,,,,,,,,,,,,,,,,,,,,,,,,,,,,,
Jassa_SW0939_F_01,T,C,A,T,T,T,C,G,C,A,C,A,T,C,A,T,T,A,T,A,T,C,T,T,T,A,A,,,,,,,,,,,,,,,,,,,,,,,,,,,,,,,
Jassa_SW0940_F_02,T,C,A,T,T,T,C,G,C,A,C,A,T,C,A,T,T,A,T,A,T,C,T,T,T,A,A,,,,,,,,,,,,,,,,,,,,,,,,,,,,,,,
Jassa_SP0654_F_02,T,C,A,T,T,T,C,G,C,A,C,A,T,C,A,T,T,A,T,A,T,C,T,T,T,A,A,,,,,,,,,,,,,,,,,,,,,,,,,,,,,,,
Jassa_L10A_F_03,T,C,A,T,T,T,C,G,C,A,C,A,T,C,A,T,T,A,T,A,T,C,T,T,T,A,A,,,,,,,,,,,,,,,,,,,,,,,,,,,,,,,
Jassa_SW0934_F_03,T,C,A,T,T,T,C,G,C,A,C,A,T,C,A,T,T,A,T,A,T,C,T,T,T,A,A,,,,,,,,,,,,,,,,,,,,,,,,,,,,,,,
Jassa_L10C_F_03,T,C,A,T,T,T,C,G,C,A,C,A,T,C,A,T,T,A,T,A,T,C,T,T,T,A,A,,,,,,,,,,,,,,,,,,,,,,,,,,,,,,,
Jassa_SP0654_F_04,T,C,A,T,T,T,C,G,C,A,C,A,T,C,A,T,T,A,T,A,T,C,T,T,T,A,A,,,,,,,,,,,,,,,,,,,,,,,,,,,,,,,
Jassa_ST0729_F_05,T,C,A,T,T,T,C,G,C,A,C,A,T,C,A,T,T,A,T,A,T,C,T,T,T,A,A,,,,,,,,,,,,,,,,,,,,,,,,,,,,,,,
Jassa_SW0933_F_05,T,C,A,T,T,T,C,G,C,A,C,A,T,C,A,,,,,,,,,,,,,,,,,,,,,,,,,,,,,,,,,,,,,,,,,,,
Jassa_ST0725_F_06,T,C,A,T,T,T,C,G,C,A,C,A,T,C,A,T,T,A,T,A,T,C,T,T,T,A,A,,,,,,,,,,,,,,,,,,,,,,,,,,,,,,,
Jassa_SW0934_F_06,T,C,A,T,T,T,C,G,C,A,C,A,T,C,A,T,T,A,T,A,T,C,T,T,T,A,A,,,,,,,,,,,,,,,,,,,,,,,,,,,,,,,
Jassa_SW0940_F_06,T,C,A,T,T,T,C,G,C,A,C,A,T,C,A,T,T,A,T,A,T,C,T,T,T,A,A,,,,,,,,,,,,,,,,,,,,,,,,,,,,,,,
Jassa_SW0942_F_07,T,C,A,T,T,T,C,G,C,A,C,A,T,C,A,T,T,A,T,A,T,C,T,T,T,A,A,,,,,,,,,,,,,,,,,,,,,,,,,,,,,,,
Jassa_SP0654_F_07,T,C,A,T,T,T,C,G,C,A,C,A,T,C,A,T,T,A,T,A,T,C,T,T,T,A,A,,,,,,,,,,,,,,,,,,,,,,,,,,,,,,,
Jassa_SW0934_F_08,T,C,A,T,T,T,C,G,C,A,C,A,T,C,A,T,T,A,T,A,T,C,T,T,T,A,A,,,,,,,,,,,,,,,,,,,,,,,,,,,,,,,
Jassa_SW0942_F_08,T,C,A,T,T,T,C,G,C,A,C,A,T,C,A,T,T,A,T,A,T,C,T,T,T,A,A,,,,,,,,,,,,,,,,,,,,,,,,,,,,,,,
Jassa_SW0936_F_09,T,C,A,T,T,T,C,G,C,A,C,A,T,C,A,T,T,A,T,A,T,C,T,T,T,A,A,,,,,,,,,,,,,,,,,,,,,,,,,,,,,,,
Jassa_SP0654_F_09,T,C,A,T,T,T,C,G,C,A,C,A,T,C,A,T,T,A,T,A,T,C,T,T,T,A,A,,,,,,,,,,,,,,,,,,,,,,,,,,,,,,,
Jassa_SW0932_F_10,T,C,A,T,T,T,C,G,C,A,C,A,T,C,A,T,T,A,T,A,T,C,T,T,T,A,A,,,,,,,,,,,,,,,,,,,,,,,,,,,,,,,
Jassa_SW0936_F_10,T,C,A,T,T,T,C,G,C,A,C,A,T,C,A,T,T,A,T,A,T,C,T,T,T,A,A,,,,,,,,,,,,,,,,,,,,,,,,,,,,,,,
Jassa_SW0939_F_10,T,C,A,T,T,T,C,G,C,A,C,A,T,C,A,T,T,A,T,A,T,C,T,T,T,A,A,,,,,,,,,,,,,,,,,,,,,,,,,,,,,,,
Jassa_SP0654_F_10,T,C,A,T,T,T,C,G,C,A,C,A,T,C,A,T,T,A,T,A,T,C,T,T,T,A,A,,,,,,,,,,,,,,,,,,,,,,,,,,,,,,,
Jassa_SW0566_F_10,T,C,A,T,T,T,C,G,C,A,C,A,T,C,A,T,T,A,T,A,T,C,T,T,T,A,A,,,,,,,,,,,,,,,,,,,,,,,,,,,,,,,
Jassa_SW0569_F_10,T,C,A,T,T,T,C,G,C,A,C,A,T,C,A,T,T,A,T,A,T,C,T,T,T,A,A,,,,,,,,,,,,,,,,,,,,,,,,,,,,,,,
Jassa_SW0936_F_11,T,C,A,T,T,T,C,G,C,A,C,A,T,C,A,T,T,A,T,A,T,C,T,T,T,A,A,,,,,,,,,,,,,,,,,,,,,,,,,,,,,,,
Jassa_SW0941_F_11,T,C,A,T,T,T,C,G,C,A,C,A,T,C,A,T,T,A,T,A,T,C,T,T,T,A,A,,,,,,,,,,,,,,,,,,,,,,,,,,,,,,,
Jassa_SW0569_F_11,T,C,A,T,T,T,C,G,C,A,C,A,T,C,A,T,T,A,T,A,T,C,T,T,T,A,A,,,,,,,,,,,,,,,,,,,,,,,,,,,,,,,
Jassa_L10A_F_12,T,C,A,T,T,T,C,G,C,A,C,A,T,C,A,T,T,A,T,A,T,C,T,T,T,A,A,,,,,,,,,,,,,,,,,,,,,,,,,,,,,,,
Jassa_SW0936_F_12,T,C,A,T,T,T,C,G,C,A,C,A,T,C,A,T,T,A,T,A,T,C,T,T,T,A,A,,,,,,,,,,,,,,,,,,,,,,,,,,,,,,,
Jassa_SW0937_F_12,T,C,A,T,T,T,C,G,C,A,C,A,T,C,A,T,T,A,T,A,T,C,T,T,T,A,A,,,,,,,,,,,,,,,,,,,,,,,,,,,,,,,
Jassa_SW0566_F_12,T,C,A,T,T,T,C,G,C,A,C,A,T,C,A,T,T,A,T,A,T,C,T,T,T,A,A,,,,,,,,,,,,,,,,,,,,,,,,,,,,,,,
Jassa_SW0934_F_13,T,C,A,T,T,T,C,G,C,A,C,A,T,C,A,T,T,A,T,A,T,C,T,T,T,A,A,,,,,,,,,,,,,,,,,,,,,,,,,,,,,,,
Jassa_SW0936_F_13,T,C,A,T,T,T,C,G,C,A,C,A,T,C,A,T,T,A,T,A,T,C,T,T,T,A,A,,,,,,,,,,,,,,,,,,,,,,,,,,,,,,,
Jassa_SP0225_F_13,T,C,A,T,T,T,C,G,C,A,C,A,T,C,A,T,T,A,T,A,T,C,T,T,T,A,A,,,,,,,,,,,,,,,,,,,,,,,,,,,,,,,
Jassa_SP0654_F_13,,C,A,T,T,T,C,G,C,A,C,A,T,C,A,T,T,A,T,A,T,C,T,T,T,A,A,,,,,,,,,,,,,,,,,,,,,,,,,,,,,,,
Jassa_ST0729_F_14,T,C,A,T,T,T,C,G,C,A,C,A,T,C,A,T,T,A,T,A,T,C,T,T,T,A,A,,,,,,,,,,,,,,,,,,,,,,,,,,,,,,,
Jassa_SW0941_F_14,,,A,T,T,T,C,G,C,A,C,A,T,C,A,T,T,A,T,A,T,C,T,T,T,A,A,,,,,,,,,,,,,,,,,,,,,,,,,,,,,,,
Jassa_SP0654_F_14,T,C,A,T,T,T,C,G,C,A,C,A,T,C,A,T,T,A,T,A,T,C,T,T,T,A,A,,,,,,,,,,,,,,,,,,,,,,,,,,,,,,,
Jassa_SW0566_F_14,T,C,A,T,T,T,C,G,C,A,C,A,T,C,A,T,T,A,T,A,T,C,T,T,T,A,A,,,,,,,,,,,,,,,,,,,,,,,,,,,,,,,
Jassa_SW0934_F_15,T,C,A,T,T,T,C,G,C,A,C,A,T,C,A,T,T,A,T,A,T,C,T,T,T,A,A,,,,,,,,,,,,,,,,,,,,,,,,,,,,,,,
Jassa_SP0654_F_15,T,C,A,T,T,T,C,G,C,A,C,A,T,C,A,T,T,A,T,A,T,C,T,T,T,A,A,,,,,,,,,,,,,,,,,,,,,,,,,,,,,,,
Jassa_ST0729_F_16,T,C,A,T,T,T,C,G,C,A,C,A,T,C,A,T,T,A,T,A,T,C,T,T,T,A,A,,,,,,,,,,,,,,,,,,,,,,,,,,,,,,,
Jassa_SW0941_F_16,,,A,T,T,T,C,G,C,A,C,A,T,C,A,T,T,A,T,A,T,C,T,T,T,A,A,,,,,,,,,,,,,,,,,,,,,,,,,,,,,,,
Jassa_S11B01_F_16,,C,A,T,T,T,C,G,C,A,C,A,T,C,A,T,T,A,T,A,T,C,T,T,,,,,,,,,,,,,,,,,,,,,,,,,,,,,,,,,,
Jassa_SP0654_F_16,T,C,A,T,T,T,C,G,C,A,C,A,T,C,A,T,T,A,T,A,T,C,T,T,T,A,A,,,,,,,,,,,,,,,,,,,,,,,,,,,,,,,
Jassa_SW0569_F_16,T,C,A,T,T,T,C,G,C,A,C,A,T,C,A,T,T,A,T,A,T,C,T,T,T,,,,,,,,,,,,,,,,,,,,,,,,,,,,,,,,,
Jassa_SW0934_F_17,T,C,A,T,T,T,C,G,C,A,C,A,T,C,A,T,T,A,T,A,T,C,T,T,T,A,A,,,,,,,,,,,,,,,,,,,,,,,,,,,,,,,
Jassa_SW0937_F_17,T,C,A,T,T,T,C,G,C,A,C,A,T,C,A,T,T,A,T,A,T,C,T,T,T,A,A,,,,,,,,,,,,,,,,,,,,,,,,,,,,,,,
Jassa_SW0943_F_17,T,C,A,T,T,T,C,G,C,A,C,A,T,C,A,T,T,A,T,A,T,C,T,T,T,A,A,,,,,,,,,,,,,,,,,,,,,,,,,,,,,,,
Jassa_SW0566_F_17,T,C,A,T,T,T,C,G,C,A,C,A,T,C,A,T,T,A,T,A,T,C,T,T,T,A,A,,,,,,,,,,,,,,,,,,,,,,,,,,,,,,,
Jassa_SW0569_F_17,T,C,A,T,T,T,C,G,C,A,C,A,T,C,A,T,T,A,T,A,T,C,T,T,T,A,A,,,,,,,,,,,,,,,,,,,,,,,,,,,,,,,
Jassa_SW0935_F_18,T,C,A,T,T,T,C,G,C,A,C,A,T,C,A,T,T,A,T,A,T,C,T,T,T,A,A,,,,,,,,,,,,,,,,,,,,,,,,,,,,,,,
Jassa_SP0654_F_19,,C,A,T,T,T,C,G,C,A,C,A,T,C,A,T,T,A,T,A,T,C,T,T,T,A,A,,,,,,,,,,,,,,,,,,,,,,,,,,,,,,,
Jassa_SW0566_F_19,T,C,A,T,T,T,C,G,C,A,C,A,T,C,A,T,T,A,T,A,T,C,T,T,T,A,A,,,,,,,,,,,,,,,,,,,,,,,,,,,,,,,
Jassa_SW0569_F_19,T,C,A,T,T,T,C,G,C,A,C,A,T,C,A,T,T,A,T,A,T,C,T,T,T,A,,,,,,,,,,,,,,,,,,,,,,,,,,,,,,,,
Jassa_L10A_F_20,,C,A,T,T,T,C,G,C,A,C,A,T,C,A,T,T,A,T,A,T,C,T,T,T,A,A,,,,,,,,,,,,,,,,,,,,,,,,,,,,,,,
Jassa_ST0729_F_20,T,C,A,T,T,T,C,G,C,A,C,A,T,C,A,T,T,A,T,A,T,C,T,T,T,A,A,,,,,,,,,,,,,,,,,,,,,,,,,,,,,,,
Jassa_SW0932_F_20,T,C,A,T,T,T,C,G,C,A,C,A,T,C,A,T,T,A,T,A,T,C,T,T,T,A,A,,,,,,,,,,,,,,,,,,,,,,,,,,,,,,,
Jassa_SW0569_F_20,T,C,A,T,T,T,C,G,C,A,C,A,T,C,A,T,T,A,T,A,T,C,T,T,T,A,A,,,,,,,,,,,,,,,,,,,,,,,,,,,,,,,
Jassa_ST0729_F_21,T,C,A,T,T,T,C,G,C,A,C,A,T,C,A,T,T,A,T,A,T,C,T,T,T,A,A,,,,,,,,,,,,,,,,,,,,,,,,,,,,,,,
Jassa_SW0937_F_21,T,C,A,T,T,T,C,G,C,A,C,A,T,C,A,T,T,A,T,A,T,C,T,T,T,A,A,,,,,,,,,,,,,,,,,,,,,,,,,,,,,,,
Jassa_SP0654_F_21,T,C,A,T,T,T,C,G,C,A,C,A,T,C,A,T,T,A,T,A,T,C,T,T,T,A,A,,,,,,,,,,,,,,,,,,,,,,,,,,,,,,,
Jassa_ST0729_F_22,T,C,A,T,T,T,C,G,C,A,C,A,T,C,A,T,T,A,T,A,T,C,T,T,T,A,A,,,,,,,,,,,,,,,,,,,,,,,,,,,,,,,
Jassa_SW0932_F_22,T,C,A,T,T,T,C,G,C,A,C,A,T,C,A,T,T,A,T,A,T,C,T,T,T,A,A,,,,,,,,,,,,,,,,,,,,,,,,,,,,,,,
Jassa_SW0934_F_22,,C,A,T,T,T,C,G,C,A,C,A,T,C,A,T,T,A,T,A,T,C,T,T,T,A,A,,,,,,,,,,,,,,,,,,,,,,,,,,,,,,,
Jassa_SW0939_F_22,T,C,A,T,T,T,C,G,C,A,C,A,T,C,A,T,T,A,T,A,T,C,T,T,T,A,A,,,,,,,,,,,,,,,,,,,,,,,,,,,,,,,
Jassa_SW0942_F_22,T,C,A,T,T,T,C,G,C,A,C,A,T,C,A,,,,,,,,,,,,,,,,,,,,,,,,,,,,,,,,,,,,,,,,,,,
Jassa_SP0654_F_22,T,C,A,T,T,T,C,G,C,A,C,A,T,C,A,T,T,A,T,A,T,C,T,T,T,A,A,,,,,,,,,,,,,,,,,,,,,,,,,,,,,,,
Jassa_SW0569_F_22,T,C,A,T,T,T,C,G,C,A,C,A,T,C,A,T,T,A,T,A,T,C,T,,,,,,,,,,,,,,,,,,,,,,,,,,,,,,,,,,,
Jassa_ST0729_F_23,T,C,A,T,T,T,C,G,C,A,C,A,T,C,A,T,T,A,T,A,T,C,T,T,T,A,A,,,,,,,,,,,,,,,,,,,,,,,,,,,,,,,
Jassa_SW0932_F_23,T,C,A,T,T,T,C,G,C,A,C,A,T,C,A,T,T,A,T,A,T,C,T,T,T,A,A,,,,,,,,,,,,,,,,,,,,,,,,,,,,,,,
Jassa_SW0939_F_23,T,C,A,T,T,T,C,G,C,A,C,A,T,C,A,T,T,A,T,A,T,C,T,T,T,A,A,,,,,,,,,,,,,,,,,,,,,,,,,,,,,,,
Jassa_SW0942_F_23,T,C,A,T,T,T,C,G,C,A,C,A,T,C,A,T,T,A,T,A,T,C,T,T,T,A,A,,,,,,,,,,,,,,,,,,,,,,,,,,,,,,,
Jassa_SW0569_F_23,T,C,A,T,T,T,C,G,C,A,C,A,T,C,A,T,T,A,T,A,T,C,T,T,T,,,,,,,,,,,,,,,,,,,,,,,,,,,,,,,,,
Jassa_L10A_F_24,,C,A,T,T,T,C,G,C,A,C,A,T,C,A,T,T,A,T,A,T,C,T,T,T,A,A,,,,,,,,,,,,,,,,,,,,,,,,,,,,,,,
Jassa_SW0941_F_24,,C,A,T,T,T,C,G,C,A,C,A,T,C,A,,,,,,,,,,,,,,,,,,,,,,,,,,,,,,,,,,,,,,,,,,,
Jassa_S11B01_F_24,,C,A,T,T,T,C,G,C,A,C,A,T,C,A,T,T,A,T,A,T,C,T,T,T,A,A,,,,,,,,,,,,,,,,,,,,,,,,,,,,,,,
Jassa_SP0654_F_24,T,C,A,T,T,T,C,G,C,A,C,A,T,C,A,T,T,A,T,A,T,C,T,T,T,A,A,,,,,,,,,,,,,,,,,,,,,,,,,,,,,,,
Jassa_SW0569_F_24,T,C,A,T,T,T,C,G,C,A,C,A,T,C,A,,,,,,,,,,,,,,,,,,,,,,,,,,,,,,,,,,,,,,,,,,,
Jassa_SW0932_F_25,T,C,A,T,T,T,C,G,C,A,C,A,T,C,A,T,T,A,T,A,T,C,T,T,T,A,A,,,,,,,,,,,,,,,,,,,,,,,,,,,,,,,
Jassa_SW0941_F_25,,C,A,T,T,T,C,G,C,A,C,A,T,C,A,T,T,A,T,A,T,C,T,T,T,A,A,,,,,,,,,,,,,,,,,,,,,,,,,,,,,,,
Jassa_SW0939_F_26,T,C,A,T,T,T,C,G,C,A,C,A,T,C,A,T,T,A,T,A,T,C,T,T,T,A,A,,,,,,,,,,,,,,,,,,,,,,,,,,,,,,,
Jassa_SW0942_F_26,T,C,A,T,T,T,C,G,C,A,C,A,T,C,A,T,T,A,T,A,T,C,T,T,T,A,A,,,,,,,,,,,,,,,,,,,,,,,,,,,,,,,
Jassa_SW0943_F_26,T,C,A,T,T,T,C,G,C,A,C,A,T,C,A,T,T,A,T,A,T,C,T,T,T,A,A,,,,,,,,,,,,,,,,,,,,,,,,,,,,,,,
Jassa_SW0566_F_26,T,C,A,T,T,T,C,G,C,A,C,A,T,C,A,T,T,A,T,A,T,C,T,T,T,A,A,,,,,,,,,,,,,,,,,,,,,,,,,,,,,,,
Jassa_SW0569_F_26,T,C,A,T,T,T,C,G,C,A,C,A,T,C,A,T,T,A,T,A,T,C,T,T,T,A,A,,,,,,,,,,,,,,,,,,,,,,,,,,,,,,,
Jassa_ST0725_F_27,T,C,A,T,T,T,C,G,C,A,C,A,T,C,A,T,T,A,T,A,T,C,T,T,T,A,A,,,,,,,,,,,,,,,,,,,,,,,,,,,,,,,
Jassa_ST0729_F_27,,C,A,T,T,T,C,G,C,A,C,A,T,C,,,,,,,,,,,,,,,,,,,,,,,,,,,,,,,,,,,,,,,,,,,,
Jassa_SW0942_F_27,T,C,A,T,T,T,C,G,C,A,C,A,T,C,A,T,T,A,T,A,T,C,T,T,T,A,A,,,,,,,,,,,,,,,,,,,,,,,,,,,,,,,
Jassa_SP0225_F_27,T,C,A,T,T,T,C,G,C,A,C,A,T,C,A,T,T,A,T,A,T,C,T,T,T,A,A,,,,,,,,,,,,,,,,,,,,,,,,,,,,,,,
Jassa_SP0654_F_27,T,C,A,T,T,T,C,G,C,A,C,A,T,C,A,T,T,A,T,A,T,C,T,T,T,A,A,,,,,,,,,,,,,,,,,,,,,,,,,,,,,,,
Jassa_SW0569_F_27,T,C,A,T,T,T,C,G,C,A,C,A,T,C,A,T,T,A,T,A,T,C,T,T,T,A,,,,,,,,,,,,,,,,,,,,,,,,,,,,,,,,
Jassa_L10A_F_28,T,C,A,T,T,T,C,G,C,A,C,A,T,C,A,T,T,A,T,A,T,C,T,T,T,A,A,,,,,,,,,,,,,,,,,,,,,,,,,,,,,,,
Jassa_SW0935_F_28,T,C,A,T,T,T,C,G,C,A,C,A,T,C,A,T,T,A,T,A,T,C,T,T,T,A,A,,,,,,,,,,,,,,,,,,,,,,,,,,,,,,,
Jassa_SW0939_F_28,T,C,A,T,T,T,C,G,C,A,C,A,T,C,A,T,T,A,T,A,T,C,T,T,T,A,A,,,,,,,,,,,,,,,,,,,,,,,,,,,,,,,
Jassa_SP0225_F_28,T,C,A,T,T,T,C,G,C,A,C,A,T,C,A,T,T,A,T,A,T,C,T,T,T,A,A,,,,,,,,,,,,,,,,,,,,,,,,,,,,,,,
Jassa_SW0566_F_28,,C,A,T,T,T,C,G,C,A,C,A,T,C,A,,,,,,,,,,,,,,,,,,,,,,,,,,,,,,,,,,,,,,,,,,,
Jassa_SW0934_F_29,T,C,A,T,T,T,C,G,C,A,C,A,T,C,A,T,T,A,T,A,T,C,T,T,T,A,A,,,,,,,,,,,,,,,,,,,,,,,,,,,,,,,
Jassa_SW0941_F_29,T,C,A,T,T,T,C,G,C,A,C,A,T,C,A,T,T,A,T,A,T,C,T,T,T,A,A,,,,,,,,,,,,,,,,,,,,,,,,,,,,,,,
Jassa_SW0569_F_29,,,,,T,T,C,G,C,A,C,A,T,C,A,T,T,A,T,A,T,C,T,T,T,,,,,,,,,,,,,,,,,,,,,,,,,,,,,,,,,
Jassa_ST0729_F_30,T,C,A,T,T,T,C,G,C,A,C,A,T,C,A,T,T,A,T,A,T,C,T,T,T,A,A,,,,,,,,,,,,,,,,,,,,,,,,,,,,,,,
Jassa_SW0932_F_30,T,C,A,T,T,T,C,G,C,A,C,A,T,C,A,T,T,A,T,A,T,C,T,T,T,A,A,,,,,,,,,,,,,,,,,,,,,,,,,,,,,,,
Jassa_SW0934_F_30,T,C,A,T,T,T,C,G,C,A,C,A,T,C,A,T,T,A,T,A,T,C,T,T,T,A,A,,,,,,,,,,,,,,,,,,,,,,,,,,,,,,,
Jassa_SP0654_F_30,T,C,A,T,T,T,C,G,C,A,C,A,T,C,A,T,T,A,T,A,T,C,T,T,T,A,A,,,,,,,,,,,,,,,,,,,,,,,,,,,,,,,
Jassa_SW0569_F_30,T,C,A,T,T,T,C,G,C,A,C,A,T,C,A,T,T,A,T,A,T,C,T,T,T,A,A,,,,,,,,,,,,,,,,,,,,,,,,,,,,,,,
Jassa_SP0654_F_31,T,C,A,T,T,T,C,G,C,A,C,A,T,C,A,T,T,A,T,A,T,C,T,T,T,A,A,,,,,,,,,,,,,,,,,,,,,,,,,,,,,,,
Jassa_ST0729_F_32,T,C,A,T,T,T,C,G,C,A,C,A,T,C,A,T,T,A,T,A,T,C,T,T,T,A,A,,,,,,,,,,,,,,,,,,,,,,,,,,,,,,,
Jassa_SW0934_F_32,T,C,A,T,T,T,C,G,C,A,C,A,T,C,A,T,T,A,T,A,T,C,T,T,T,A,A,,,,,,,,,,,,,,,,,,,,,,,,,,,,,,,
Jassa_SW0942_F_32,T,C,A,T,T,T,C,G,C,A,C,A,T,C,A,T,T,A,,,,,,,,,,,,,,,,,,,,,,,,,,,,,,,,,,,,,,,,
Jassa_SW0566_F_32,T,C,A,T,T,T,C,G,C,A,C,A,T,C,A,T,T,A,T,A,T,C,T,T,T,A,A,,,,,,,,,,,,,,,,,,,,,,,,,,,,,,,
Jassa_SW0569_F_32,T,C,A,T,T,T,C,G,C,A,C,A,T,C,A,T,T,A,T,A,T,C,T,T,T,A,A,,,,,,,,,,,,,,,,,,,,,,,,,,,,,,,
Jassa_SW0940_F_34,T,C,A,T,T,T,C,G,C,A,C,A,T,C,A,T,T,A,T,A,T,C,T,T,T,A,A,,,,,,,,,,,,,,,,,,,,,,,,,,,,,,,
Jassa_SW0569_F_34,T,C,A,T,T,T,C,G,C,A,C,A,T,C,A,T,T,A,T,A,T,C,T,T,T,,,,,,,,,,,,,,,,,,,,,,,,,,,,,,,,,
Jassa_L10A_F_35,T,C,A,T,T,T,C,G,C,A,C,A,T,C,A,T,T,A,T,A,T,C,T,T,T,A,A,,,,,,,,,,,,,,,,,,,,,,,,,,,,,,,
Jassa_ST0729_F_35,T,C,A,T,T,T,C,G,C,A,C,A,T,C,A,T,T,A,T,A,T,C,T,T,T,A,A,,,,,,,,,,,,,,,,,,,,,,,,,,,,,,,
Jassa_SW0932_F_35,T,C,A,T,T,T,C,G,C,A,C,A,T,C,A,T,T,A,T,A,T,C,T,T,T,A,A,,,,,,,,,,,,,,,,,,,,,,,,,,,,,,,
Jassa_SW0934_F_35,T,C,A,T,T,T,C,G,C,A,C,A,T,C,A,T,T,A,T,A,T,C,T,T,T,A,A,,,,,,,,,,,,,,,,,,,,,,,,,,,,,,,
Jassa_SW0940_F_35,T,C,A,T,T,T,C,G,C,A,C,A,T,C,A,T,T,A,T,A,T,C,T,T,T,A,A,,,,,,,,,,,,,,,,,,,,,,,,,,,,,,,
Jassa_ST0725_F_36,T,C,A,T,T,T,C,G,C,A,C,A,T,C,A,T,T,A,T,A,T,C,T,T,T,A,A,,,,,,,,,,,,,,,,,,,,,,,,,,,,,,,
Jassa_ST0729_F_36,T,C,A,T,T,T,C,G,C,A,C,A,T,C,A,T,T,A,T,A,T,C,T,T,T,A,A,,,,,,,,,,,,,,,,,,,,,,,,,,,,,,,
Jassa_SW0934_F_36,T,C,A,T,T,T,C,G,C,A,C,A,T,C,A,T,T,A,T,A,T,C,T,T,T,A,A,,,,,,,,,,,,,,,,,,,,,,,,,,,,,,,
Jassa_SW0941_F_36,,C,A,T,T,T,C,G,C,A,C,A,T,C,A,T,T,A,T,A,T,C,T,T,T,A,A,,,,,,,,,,,,,,,,,,,,,,,,,,,,,,,
Jassa_SP0654_F_36,T,C,A,T,T,T,C,G,C,A,C,A,T,C,A,T,T,A,T,A,T,C,T,T,T,A,A,,,,,,,,,,,,,,,,,,,,,,,,,,,,,,,
Jassa_SW0566_F_36,T,C,A,T,T,T,C,G,C,A,C,A,T,C,A,T,T,A,T,A,T,C,T,T,T,A,A,,,,,,,,,,,,,,,,,,,,,,,,,,,,,,,
Jassa_SW0569_F_36,T,C,A,T,T,T,C,G,C,A,C,A,T,C,A,T,T,A,T,A,T,C,T,T,T,A,A,,,,,,,,,,,,,,,,,,,,,,,,,,,,,,,
Jassa_ST0729_F_37,T,C,A,T,T,T,C,G,C,A,C,A,T,C,A,T,T,A,T,A,T,C,T,T,T,A,A,,,,,,,,,,,,,,,,,,,,,,,,,,,,,,,
Jassa_SP0654_F_37,T,C,A,T,T,T,C,G,C,A,C,A,T,C,A,T,T,A,T,A,T,C,T,T,T,A,A,,,,,,,,,,,,,,,,,,,,,,,,,,,,,,,
Jassa_L10C_F_38,,C,A,T,T,T,C,G,C,A,C,A,T,C,A,T,T,A,T,A,T,C,T,T,T,A,A,,,,,,,,,,,,,,,,,,,,,,,,,,,,,,,
Jassa_SW0569_F_38,T,C,A,T,T,T,C,G,C,A,C,A,T,C,A,T,T,A,T,A,T,C,T,T,T,A,A,,,,,,,,,,,,,,,,,,,,,,,,,,,,,,,
Jassa_SW0940_F_39,T,C,A,T,T,T,C,G,C,A,C,A,T,C,A,T,T,A,T,A,T,C,T,T,T,A,A,,,,,,,,,,,,,,,,,,,,,,,,,,,,,,,
Jassa_SP0654_F_39,T,C,A,T,T,T,C,G,C,A,C,A,T,C,A,T,T,A,T,A,T,C,T,T,T,A,A,,,,,,,,,,,,,,,,,,,,,,,,,,,,,,,
Jassa_SW0566_F_39,T,C,A,T,T,T,C,G,C,A,C,A,T,C,A,T,T,A,T,A,T,C,T,T,T,A,A,,,,,,,,,,,,,,,,,,,,,,,,,,,,,,,
Jassa_SW0942_F_40,T,C,A,T,T,T,C,G,C,A,C,A,T,C,A,T,T,A,T,A,T,C,T,T,T,A,A,,,,,,,,,,,,,,,,,,,,,,,,,,,,,,,
Jassa_SP0225_F_40,,,,,,,C,G,C,A,C,A,T,C,A,T,T,A,T,A,T,,,,,,,,,,,,,,,,,,,,,,,,,,,,,,,,,,,,,
Jassa_SW0569_F_41,T,C,A,T,T,T,C,G,C,A,C,A,T,C,A,T,T,A,T,A,T,C,T,T,T,A,A,,,,,,,,,,,,,,,,,,,,,,,,,,,,,,,
Jassa_ST0729_F_42,T,C,A,T,T,T,C,G,C,A,C,A,T,C,A,T,T,A,T,A,T,C,T,T,T,A,A,,,,,,,,,,,,,,,,,,,,,,,,,,,,,,,
Jassa_SW0940_F_42,T,C,A,T,T,T,C,G,C,A,C,A,T,C,A,T,T,A,T,A,T,C,T,T,T,A,A,,,,,,,,,,,,,,,,,,,,,,,,,,,,,,,
Jassa_SW0932_F_43,T,C,A,T,T,T,C,G,C,A,C,A,T,C,A,T,T,A,T,A,T,C,T,T,T,A,A,,,,,,,,,,,,,,,,,,,,,,,,,,,,,,,
Jassa_SW0934_F_43,T,C,A,T,T,T,C,G,C,A,C,A,T,C,A,T,T,A,T,A,T,C,T,T,T,A,A,,,,,,,,,,,,,,,,,,,,,,,,,,,,,,,
Jassa_SW0942_F_43,T,C,A,T,T,T,C,G,C,A,C,A,T,C,A,T,T,A,T,A,T,C,T,T,T,A,A,,,,,,,,,,,,,,,,,,,,,,,,,,,,,,,
Jassa_L10C_F_43,T,C,A,T,T,T,C,G,C,A,C,A,T,C,A,T,T,A,T,A,T,C,T,T,T,A,A,,,,,,,,,,,,,,,,,,,,,,,,,,,,,,,
Jassa_SW0569_F_43,T,C,A,T,T,T,C,G,C,A,C,A,T,C,A,T,T,A,T,A,T,C,T,T,T,A,A,,,,,,,,,,,,,,,,,,,,,,,,,,,,,,,
Jassa_L10A_F_44,T,C,A,T,T,T,C,G,C,A,C,A,T,C,A,T,T,A,T,A,T,C,T,T,T,A,A,,,,,,,,,,,,,,,,,,,,,,,,,,,,,,,
Jassa_SW0933_F_44,T,C,A,T,T,T,C,G,C,A,C,A,T,C,A,,,,,,,,,,,,,,,,,,,,,,,,,,,,,,,,,,,,,,,,,,,
Jassa_SW0937_F_44,T,C,A,T,T,T,C,G,C,A,C,A,T,C,A,T,T,A,T,A,T,C,T,T,T,A,A,,,,,,,,,,,,,,,,,,,,,,,,,,,,,,,
Jassa_SW0566_F_44,,,,,,,,,,,,A,T,C,A,T,T,A,T,A,T,C,T,T,T,A,A,,,,,,,,,,,,,,,,,,,,,,,,,,,,,,,
Jassa_SW0569_F_44,T,C,A,T,T,T,C,G,C,A,C,A,T,C,A,T,T,A,T,A,T,C,T,T,T,A,A,,,,,,,,,,,,,,,,,,,,,,,,,,,,,,,
Jassa_ST0729_F_45,T,C,A,T,T,T,C,G,C,A,C,A,T,C,A,T,T,A,T,A,T,C,T,T,T,A,A,,,,,,,,,,,,,,,,,,,,,,,,,,,,,,,
Jassa_SW0940_F_45,T,C,A,T,T,T,C,G,C,A,C,A,T,C,A,T,T,A,T,A,T,C,T,T,T,A,A,,,,,,,,,,,,,,,,,,,,,,,,,,,,,,,
Jassa_ST0729_F_46,T,C,A,T,T,T,C,G,C,A,C,A,T,C,A,T,T,A,T,A,T,C,T,T,T,A,A,,,,,,,,,,,,,,,,,,,,,,,,,,,,,,,
Jassa_SW0942_F_46,T,C,A,T,T,T,C,G,C,A,C,A,T,C,A,T,T,A,T,A,T,C,T,T,T,A,,,,,,,,,,,,,,,,,,,,,,,,,,,,,,,,
Jassa_SW0569_F_46,T,C,A,T,T,T,C,G,C,A,C,A,T,C,A,T,T,A,T,A,T,C,T,T,T,A,A,,,,,,,,,,,,,,,,,,,,,,,,,,,,,,,
Jassa_ST0729_F_47,T,C,A,T,T,T,C,G,C,A,C,A,T,C,A,T,T,A,T,A,T,C,T,T,T,A,A,,,,,,,,,,,,,,,,,,,,,,,,,,,,,,,
Jassa_SW0566_F_47,,C,A,T,T,T,C,G,C,A,C,A,T,C,A,T,T,A,T,A,T,C,T,T,T,A,A,,,,,,,,,,,,,,,,,,,,,,,,,,,,,,,
Jassa_SW0569_F_47,T,C,A,T,T,T,C,G,C,A,C,A,T,C,A,T,T,A,T,A,T,C,T,T,T,A,A,,,,,,,,,,,,,,,,,,,,,,,,,,,,,,,
Jassa_L10A_F_48,T,C,A,T,T,T,C,G,C,A,C,A,T,C,A,T,T,A,T,A,T,C,T,T,T,A,A,,,,,,,,,,,,,,,,,,,,,,,,,,,,,,,
Jassa_SW0937_F_48,T,C,A,T,T,T,C,G,C,A,C,A,T,C,A,T,T,A,T,A,T,C,T,T,T,A,A,,,,,,,,,,,,,,,,,,,,,,,,,,,,,,,
Jassa_SW0569_F_48,T,C,A,T,T,T,C,G,C,A,C,A,T,C,A,T,T,A,T,A,T,C,T,T,T,A,A,,,,,,,,,,,,,,,,,,,,,,,,,,,,,,,
Jassa_ST0729_F_52,T,C,A,T,T,T,C,G,C,A,C,A,T,C,A,T,T,A,T,A,T,C,T,T,T,A,A,,,,,,,,,,,,,,,,,,,,,,,,,,,,,,,
Jassa_ST0727_F_59,T,C,A,T,T,T,C,G,C,A,C,A,T,C,A,T,T,A,T,A,T,C,T,T,T,A,A,,,,,,,,,,,,,,,,,,,,,,,,,,,,,,,
Jassa_ST0729_F_66,T,C,A,T,T,T,C,G,C,A,C,A,T,C,A,T,T,A,T,A,T,C,T,T,T,A,A,,,,,,,,,,,,,,,,,,,,,,,,,,,,,,,
Jassa_SW0566_F_01,T,C,A,T,T,T,C,G,C,A,C,A,T,C,A,T,T,A,T,A,T,C,,,,,,,,,,,,,,,,,,,,,,,,,,,,,,,,,,,,
Jassa_SW0937_F_02,T,C,A,T,T,T,C,G,C,A,C,A,T,C,A,T,T,A,T,A,T,C,T,T,T,G,A,,,,,,,,,,,,,,,,,,,,,,,,,,,,,,,
Jassa_SW0566_F_04,T,C,A,T,T,T,C,G,C,A,C,A,T,C,A,T,T,A,T,A,T,C,,,,,,,,,,,,,,,,,,,,,,,,,,,,,,,,,,,,
Jassa_SW0566_F_08,T,C,A,T,T,T,C,G,C,A,C,A,T,C,A,T,T,A,T,A,T,C,T,T,T,,,,,,,,,,,,,,,,,,,,,,,,,,,,,,,,,
Jassa_SW0566_F_13,T,C,A,T,T,T,C,G,C,A,C,A,T,C,A,,,,,,,,,,,,,,,,,,,,,,,,,,,,,,,,,,,,,,,,,,,
Jassa_SW0566_F_22,T,C,A,T,T,T,C,G,C,A,C,A,T,C,A,T,T,A,T,A,T,C,,,,,,,,,,,,,,,,,,,,,,,,,,,,,,,,,,,,
Jassa_SW0932_F_19,T,C,A,T,T,T,C,G,C,A,C,A,T,G,A,C,C,A,T,A,T,C,T,T,C,A,A,,,,,,,,,,,,,,,,,,,,,,,,,,,,,,,
Jassa_SW0935_F_03,T,C,A,T,T,T,C,G,C,A,C,A,T,G,A,C,T,A,T,A,T,C,T,T,C,A,A,,,,,,,,,,,,,,,,,,,,,,,,,,,,,,,
Jassa_SW0935_F_05,T,C,A,T,T,T,C,G,C,A,C,A,T,G,A,C,T,A,T,A,T,C,T,T,C,A,A,,,,,,,,,,,,,,,,,,,,,,,,,,,,,,,
Jassa_SW0935_F_07,T,C,A,T,T,T,C,G,C,A,C,A,T,G,A,C,T,A,T,A,T,C,T,T,C,A,A,,,,,,,,,,,,,,,,,,,,,,,,,,,,,,,
Jassa_SW0935_F_25,T,C,A,T,T,T,C,G,C,A,C,A,T,G,A,C,T,A,T,A,T,C,T,T,C,A,A,,,,,,,,,,,,,,,,,,,,,,,,,,,,,,,
Jassa_SW0940_F_25,T,C,A,T,T,T,C,G,C,A,C,A,T,G,A,C,T,A,T,A,T,C,T,T,C,A,A,,,,,,,,,,,,,,,,,,,,,,,,,,,,,,,
Jassa_SW0935_F_26,T,C,A,T,T,T,C,G,C,A,C,A,T,G,A,C,T,A,T,A,T,C,T,T,C,A,A,,,,,,,,,,,,,,,,,,,,,,,,,,,,,,,
Jassa_SW0933_F_02,,,,,,,,G,C,A,C,A,T,G,A,T,C,A,T,A,T,C,T,T,C,A,A,,,,,,,,,,,,,,,,,,,,,,,,,,,,,,,
Jassa_SW0933_F_20,,,,,,,C,G,C,A,C,A,T,G,A,T,C,A,T,A,T,C,T,T,C,A,A,,,,,,,,,,,,,,,,,,,,,,,,,,,,,,,
Jassa_SW0933_F_26,T,C,A,T,T,T,C,G,C,A,C,A,T,G,A,T,C,A,T,A,T,C,T,T,C,A,A,,,,,,,,,,,,,,,,,,,,,,,,,,,,,,,
Jassa_SW0933_F_36,T,C,A,T,T,T,C,G,C,A,C,A,T,G,A,T,C,A,T,A,T,C,T,T,C,A,A,,,,,,,,,,,,,,,,,,,,,,,,,,,,,,,
Jassa_SW0935_F_01,T,C,A,T,T,T,C,G,C,A,C,A,T,G,A,T,T,A,T,A,T,C,T,T,C,A,A,,,,,,,,,,,,,,,,,,,,,,,,,,,,,,,
Jassa_L10C_F_02,,C,A,T,T,T,C,G,C,A,C,A,T,G,A,T,T,A,T,A,T,C,T,T,C,A,A,,,,,,,,,,,,,,,,,,,,,,,,,,,,,,,
Jassa_ST0725_F_03,T,C,A,T,T,T,C,G,C,A,C,A,T,G,A,T,T,A,T,A,T,C,T,T,C,A,A,,,,,,,,,,,,,,,,,,,,,,,,,,,,,,,
Jassa_SW0935_F_04,,C,A,T,T,T,C,G,C,A,C,A,T,G,A,,,,,,,,,,,,,,,,,,,,,,,,,,,,,,,,,,,,,,,,,,,
Jassa_SW0937_F_04,,,A,T,T,T,C,G,C,A,C,A,T,G,A,,,,,,,,,,,,,,,,,,,,,,,,,,,,,,,,,,,,,,,,,,,
Jassa_S11B01_F_04,,C,A,T,T,T,C,G,C,A,C,A,T,G,A,T,T,A,T,A,T,C,T,T,C,A,A,,,,,,,,,,,,,,,,,,,,,,,,,,,,,,,
Jassa_SW0935_F_06,T,C,A,T,T,T,C,G,C,A,C,A,T,G,A,T,T,A,T,A,T,C,T,T,C,A,A,,,,,,,,,,,,,,,,,,,,,,,,,,,,,,,
Jassa_ST0725_F_07,T,C,A,T,T,T,C,G,C,A,C,A,T,G,A,T,T,A,T,A,T,C,T,T,C,A,A,,,,,,,,,,,,,,,,,,,,,,,,,,,,,,,
Jassa_ST0725_F_09,T,C,A,T,T,T,C,G,C,A,C,A,T,G,A,T,T,A,T,A,T,C,T,T,C,A,A,,,,,,,,,,,,,,,,,,,,,,,,,,,,,,,
Jassa_SW0941_F_09,T,C,A,T,T,T,C,G,C,A,C,A,T,G,A,T,T,A,T,A,T,C,T,T,C,A,A,,,,,,,,,,,,,,,,,,,,,,,,,,,,,,,
Jassa_ST0725_F_11,T,C,A,T,T,T,C,G,C,A,C,A,T,G,A,T,T,A,T,A,T,C,T,T,C,A,A,,,,,,,,,,,,,,,,,,,,,,,,,,,,,,,
Jassa_SW0937_F_11,T,C,A,T,T,T,C,G,C,A,C,A,T,G,A,T,T,A,T,A,T,C,T,T,C,A,A,,,,,,,,,,,,,,,,,,,,,,,,,,,,,,,
Jassa_ST0725_F_12,T,C,A,T,T,T,C,G,C,A,C,A,T,G,A,T,T,A,T,A,T,C,T,T,C,A,A,,,,,,,,,,,,,,,,,,,,,,,,,,,,,,,
Jassa_SW0934_F_12,T,C,A,T,T,T,C,G,C,A,C,A,T,G,A,T,T,A,T,A,T,C,T,T,C,A,A,,,,,,,,,,,,,,,,,,,,,,,,,,,,,,,
Jassa_SW0935_F_12,T,C,A,T,T,T,C,G,C,A,C,A,T,G,A,T,T,A,T,A,T,C,T,T,C,A,A,,,,,,,,,,,,,,,,,,,,,,,,,,,,,,,
Jassa_SW0935_F_14,T,C,A,T,T,T,C,G,C,A,C,A,T,G,A,T,T,A,T,A,T,C,T,T,C,A,A,,,,,,,,,,,,,,,,,,,,,,,,,,,,,,,
Jassa_SW0936_F_14,T,C,A,T,T,T,C,G,C,A,C,A,T,G,A,T,T,A,T,A,T,C,T,T,C,A,A,,,,,,,,,,,,,,,,,,,,,,,,,,,,,,,
Jassa_SW0943_F_14,T,C,A,T,T,T,C,G,C,A,C,A,T,G,A,T,T,A,T,A,T,C,T,T,C,A,A,,,,,,,,,,,,,,,,,,,,,,,,,,,,,,,
Jassa_SW0935_F_15,T,C,A,T,T,T,C,G,C,A,C,A,T,G,A,T,T,A,T,A,T,C,T,T,C,A,A,,,,,,,,,,,,,,,,,,,,,,,,,,,,,,,
Jassa_SW0936_F_15,T,C,A,T,T,T,C,G,C,A,C,A,T,G,A,T,T,A,T,A,T,C,T,T,C,A,A,,,,,,,,,,,,,,,,,,,,,,,,,,,,,,,
Jassa_S11B01_F_15,,C,A,T,T,T,C,G,C,A,C,A,T,G,A,T,T,A,T,A,T,C,T,T,C,A,A,,,,,,,,,,,,,,,,,,,,,,,,,,,,,,,
Jassa_SW0935_F_16,T,C,A,T,T,T,C,G,C,A,C,A,T,G,A,T,T,A,T,A,T,C,T,T,C,A,A,,,,,,,,,,,,,,,,,,,,,,,,,,,,,,,
Jassa_SW0936_F_16,T,C,A,T,T,T,C,G,C,A,C,A,T,G,A,T,T,A,T,A,T,C,T,T,C,A,A,,,,,,,,,,,,,,,,,,,,,,,,,,,,,,,
Jassa_SW0935_F_17,T,C,A,T,T,T,C,G,C,A,C,A,T,G,A,T,T,A,T,A,T,C,T,T,C,A,A,,,,,,,,,,,,,,,,,,,,,,,,,,,,,,,
Jassa_SW0936_F_17,T,C,A,T,T,T,C,G,C,A,C,A,T,G,A,T,T,A,T,A,T,C,T,T,C,A,A,,,,,,,,,,,,,,,,,,,,,,,,,,,,,,,
Jassa_SW0936_F_18,T,C,A,T,T,T,C,G,C,A,C,A,T,G,A,T,T,A,T,A,T,C,T,T,C,A,A,,,,,,,,,,,,,,,,,,,,,,,,,,,,,,,
Jassa_SW0936_F_19,T,C,A,T,T,T,C,G,C,A,C,A,T,G,A,T,T,A,T,A,T,C,T,T,C,A,A,,,,,,,,,,,,,,,,,,,,,,,,,,,,,,,
Jassa_SW0939_F_19,T,C,A,T,T,T,C,G,C,A,C,A,T,G,A,T,T,A,T,A,T,C,T,T,C,A,A,,,,,,,,,,,,,,,,,,,,,,,,,,,,,,,
Jassa_SW0934_F_20,T,C,A,T,T,T,C,G,C,A,C,A,T,G,A,T,T,A,T,A,T,C,T,T,C,A,A,,,,,,,,,,,,,,,,,,,,,,,,,,,,,,,
Jassa_SW0936_F_20,T,C,A,T,T,T,C,G,C,A,C,A,T,G,A,T,T,A,T,A,T,C,T,T,C,A,A,,,,,,,,,,,,,,,,,,,,,,,,,,,,,,,
Jassa_SW0936_F_21,T,C,A,T,T,T,C,G,C,A,C,A,T,G,A,T,T,A,T,A,T,C,T,T,C,,,,,,,,,,,,,,,,,,,,,,,,,,,,,,,,,
Jassa_SW0936_F_22,T,C,A,T,T,T,C,G,C,A,C,A,T,G,A,T,T,A,T,A,T,C,T,T,C,A,A,,,,,,,,,,,,,,,,,,,,,,,,,,,,,,,
Jassa_S11B01_F_22,,C,A,T,T,T,C,G,C,A,C,A,T,G,A,T,T,A,T,A,T,C,T,T,C,A,A,,,,,,,,,,,,,,,,,,,,,,,,,,,,,,,
Jassa_ST0725_F_24,T,C,A,T,T,T,C,G,C,A,C,A,T,G,A,T,T,A,T,A,T,C,T,T,C,A,A,,,,,,,,,,,,,,,,,,,,,,,,,,,,,,,
Jassa_SW0937_F_24,T,C,A,T,T,T,C,G,C,A,C,A,T,G,A,T,T,A,,,,,,,,,,,,,,,,,,,,,,,,,,,,,,,,,,,,,,,,
Jassa_ST0725_F_25,T,C,A,T,T,T,C,G,C,A,C,A,T,G,A,T,T,A,T,A,T,C,T,T,C,A,A,,,,,,,,,,,,,,,,,,,,,,,,,,,,,,,
Jassa_SW0937_F_25,T,C,A,T,T,T,C,G,C,A,C,A,T,G,A,T,T,A,T,A,T,C,T,T,C,A,A,,,,,,,,,,,,,,,,,,,,,,,,,,,,,,,
Jassa_ST0725_F_26,T,C,A,T,T,T,C,G,C,A,C,A,T,G,A,T,T,A,T,A,T,C,T,T,C,A,A,,,,,,,,,,,,,,,,,,,,,,,,,,,,,,,
Jassa_SW0943_F_29,T,C,A,T,T,T,C,G,C,A,C,A,T,G,A,T,T,A,T,A,T,C,T,T,C,A,A,,,,,,,,,,,,,,,,,,,,,,,,,,,,,,,
Jassa_SW0937_F_30,T,C,A,T,T,T,C,G,C,A,C,A,T,G,A,,,,,,,,,,,,,,,,,,,,,,,,,,,,,,,,,,,,,,,,,,,
Jassa_SW0935_F_31,T,C,A,T,T,T,C,G,C,A,C,A,T,G,A,T,T,A,T,A,T,C,T,T,C,A,A,,,,,,,,,,,,,,,,,,,,,,,,,,,,,,,
Jassa_SW0937_F_31,T,C,A,T,T,T,C,G,C,A,C,A,T,G,A,T,T,A,T,A,T,C,T,T,C,A,A,,,,,,,,,,,,,,,,,,,,,,,,,,,,,,,
Jassa_SW0939_F_31,T,C,A,T,T,T,C,G,C,A,C,A,T,G,A,T,T,A,T,A,T,C,T,T,C,A,A,,,,,,,,,,,,,,,,,,,,,,,,,,,,,,,
Jassa_SW0943_F_32,T,C,A,T,T,T,C,G,C,A,C,A,T,G,A,T,T,A,T,A,T,C,T,T,C,A,A,,,,,,,,,,,,,,,,,,,,,,,,,,,,,,,
Jassa_S11B01_F_32,,C,A,T,T,T,C,G,C,A,C,A,T,G,A,T,T,A,T,A,T,C,T,T,C,A,A,,,,,,,,,,,,,,,,,,,,,,,,,,,,,,,
Jassa_SW0943_F_33,T,C,A,T,T,T,C,G,C,A,C,A,T,G,A,T,T,A,,,,,,,,,,,,,,,,,,,,,,,,,,,,,,,,,,,,,,,,
Jassa_ST0725_F_35,T,C,A,T,T,T,C,G,C,A,C,A,T,G,A,T,T,A,T,A,T,C,T,T,C,A,A,,,,,,,,,,,,,,,,,,,,,,,,,,,,,,,
Jassa_SW0935_F_35,T,C,A,T,T,T,C,G,C,A,C,A,T,G,A,T,T,A,T,A,T,C,T,T,C,A,A,,,,,,,,,,,,,,,,,,,,,,,,,,,,,,,
Jassa_SW0935_F_36,T,C,A,T,T,T,C,G,C,A,C,A,T,G,A,T,T,A,T,A,T,C,T,T,C,A,A,,,,,,,,,,,,,,,,,,,,,,,,,,,,,,,
Jassa_SW0939_F_39,T,C,A,T,T,T,C,G,C,A,C,A,T,G,A,T,T,A,T,A,T,C,T,T,C,A,A,,,,,,,,,,,,,,,,,,,,,,,,,,,,,,,
Jassa_SW0935_F_40,T,C,A,T,T,T,C,G,C,A,C,A,T,G,A,T,T,A,T,A,T,C,T,T,C,A,A,,,,,,,,,,,,,,,,,,,,,,,,,,,,,,,
Jassa_SW0943_F_40,T,C,A,T,T,T,C,G,C,A,C,A,T,G,A,T,T,A,T,A,T,C,T,T,C,A,A,,,,,,,,,,,,,,,,,,,,,,,,,,,,,,,
Jassa_SW0936_F_43,T,C,A,T,T,T,C,G,C,A,C,A,T,G,A,T,T,A,T,A,T,C,T,T,C,,,,,,,,,,,,,,,,,,,,,,,,,,,,,,,,,
Jassa_SP0654_F_45,T,C,A,T,T,T,C,G,C,A,C,A,T,G,A,T,T,A,T,A,T,C,T,T,C,A,A,,,,,,,,,,,,,,,,,,,,,,,,,,,,,,,
Jassa_L10A_F_46,,C,A,T,T,T,C,G,C,A,C,A,T,G,A,T,T,A,T,A,T,C,T,T,C,A,A,,,,,,,,,,,,,,,,,,,,,,,,,,,,,,,
Jassa_SW0939_F_46,T,C,A,T,T,T,C,G,C,A,C,A,T,G,A,T,T,A,T,A,T,C,T,T,C,A,A,,,,,,,,,,,,,,,,,,,,,,,,,,,,,,,
Jassa_ST0725_F_47,T,C,A,T,T,T,C,G,C,A,C,A,T,G,A,T,T,A,T,A,T,C,T,T,C,A,A,,,,,,,,,,,,,,,,,,,,,,,,,,,,,,,
Jassa_SW0935_F_47,T,C,A,T,T,T,C,G,C,A,C,A,T,G,A,T,T,A,T,A,T,C,T,T,C,A,A,,,,,,,,,,,,,,,,,,,,,,,,,,,,,,,
Jassa_SW0936_F_47,,,,,,,C,G,C,A,C,A,T,G,A,T,T,A,T,A,T,C,T,T,C,A,A,,,,,,,,,,,,,,,,,,,,,,,,,,,,,,,
Jassa_ST0729_F_61,T,C,A,T,T,T,C,G,C,A,C,A,T,G,A,,,,,,,,,,,,,,,,,,,,,,,,,,,,,,,,,,,,,,,,,,,
Jassa_ST0729_F_69,T,C,A,T,T,T,C,G,C,A,C,A,T,G,A,T,T,A,T,A,T,C,T,T,C,A,A,,,,,,,,,,,,,,,,,,,,,,,,,,,,,,,
Jassa_S11B01_F_14,,,,,T,T,C,G,C,A,C,A,T,G,A,T,T,A,T,A,T,C,T,T,C,,,,,,,,,,,,,,,,,,,,,,,,,,,,,,,,,
Jassa_S11B01_F_26,,,A,T,T,T,C,G,C,A,C,A,T,G,A,,,,,,,,,,,,,,,,,,,,,,,,,,,,,,,,,,,,,,,,,,,
Jassa_S11B01_F_27,,C,A,T,T,T,C,G,C,A,C,A,T,G,A,,,,,,,,,,,,,,,,,,,,,,,,,,,,,,,,,,,,,,,,,,,
Jassa_S11B01_F_35,,C,A,T,T,T,C,G,C,A,C,A,C,G,A,T,T,A,T,A,T,C,T,T,C,,,,,,,,,,,,,,,,,,,,,,,,,,,,,,,,,
Jassa_S11B01_F_37,,C,A,T,T,T,C,G,C,A,C,A,T,G,A,T,T,A,T,A,T,C,T,T,C,A,,,,,,,,,,,,,,,,,,,,,,,,,,,,,,,,
Jassa_SW0939_F_45,T,C,A,T,T,T,C,G,C,A,C,A,T,G,A,T,T,A,T,A,T,C,T,T,C,G,A,,,,,,,,,,,,,,,,,,,,,,,,,,,,,,,
Jassa_L10C_F_05,T,C,A,T,T,T,C,G,C,A,C,A,T,,,,,,,,,,,,,,,,,,,,,,,,,,,,,,,,,,,,,,,,,,,,,
Jassa_SW0939_F_07,T,C,A,T,T,T,C,G,C,A,C,A,T,T,A,T,T,A,T,A,T,C,C,T,C,A,G,,,,,,,,,,,,,,,,,,,,,,,,,,,,,,,
Jassa_SW0939_F_08,T,C,A,T,T,T,C,G,C,A,C,A,T,T,A,T,T,A,T,A,T,C,C,T,C,A,G,,,,,,,,,,,,,,,,,,,,,,,,,,,,,,,
Jassa_SW0939_F_09,T,C,A,T,T,T,C,G,C,A,C,A,T,T,A,T,T,A,T,A,T,C,C,T,C,A,G,,,,,,,,,,,,,,,,,,,,,,,,,,,,,,,
Jassa_ST0725_F_15,T,C,A,T,T,T,C,G,C,A,C,A,T,T,A,T,T,A,T,A,T,C,C,T,C,A,G,,,,,,,,,,,,,,,,,,,,,,,,,,,,,,,
Jassa_SW0939_F_15,T,C,A,T,T,T,C,G,C,A,C,A,T,T,A,T,T,A,T,,,,,,,,,,,,,,,,,,,,,,,,,,,,,,,,,,,,,,,
Jassa_ST0725_F_16,T,C,A,T,T,T,C,G,C,A,C,A,T,T,A,T,T,A,T,A,T,C,C,T,C,A,G,,,,,,,,,,,,,,,,,,,,,,,,,,,,,,,
Jassa_ST0729_F_17,T,C,A,T,T,T,C,G,C,A,C,A,T,T,A,T,T,A,T,A,T,C,C,T,C,A,G,,,,,,,,,,,,,,,,,,,,,,,,,,,,,,,
Jassa_SW0942_F_17,T,C,A,T,T,T,C,G,C,A,C,A,T,T,,,,,,,,,,,,,,,,,,,,,,,,,,,,,,,,,,,,,,,,,,,,
Jassa_ST0725_F_19,T,C,A,T,T,T,C,G,C,A,C,A,T,T,A,T,T,A,T,A,T,C,C,T,C,A,G,,,,,,,,,,,,,,,,,,,,,,,,,,,,,,,
Jassa_SW0939_F_20,T,C,A,T,T,T,C,G,C,A,C,A,T,T,A,T,T,A,T,A,T,C,C,T,C,A,G,,,,,,,,,,,,,,,,,,,,,,,,,,,,,,,
Jassa_SW0939_F_21,T,C,A,T,T,T,C,G,C,A,C,A,T,T,A,T,T,A,T,A,T,C,C,T,C,A,G,,,,,,,,,,,,,,,,,,,,,,,,,,,,,,,
Jassa_L10A_F_22,,C,A,T,T,T,C,G,C,A,C,A,T,T,A,T,T,A,T,A,T,C,C,T,C,A,G,,,,,,,,,,,,,,,,,,,,,,,,,,,,,,,
Jassa_SW0939_F_27,T,C,A,T,T,T,C,G,C,A,C,A,T,T,A,T,T,A,T,A,T,C,C,T,C,A,G,,,,,,,,,,,,,,,,,,,,,,,,,,,,,,,
Jassa_L10C_F_27,,,,,,,,,,,,A,T,T,A,T,T,A,T,A,T,C,C,T,C,A,,,,,,,,,,,,,,,,,,,,,,,,,,,,,,,,
Jassa_L10A_F_29,T,C,A,T,T,T,C,G,C,A,C,A,T,T,A,T,T,A,T,A,T,C,C,T,C,A,G,,,,,,,,,,,,,,,,,,,,,,,,,,,,,,,
Jassa_L10A_F_30,T,C,A,T,T,T,C,G,C,A,C,A,T,T,A,T,T,A,T,A,T,C,C,T,C,A,G,,,,,,,,,,,,,,,,,,,,,,,,,,,,,,,
Jassa_L10A_F_31,,C,A,T,T,T,C,G,C,A,C,A,T,T,A,T,T,A,T,A,T,C,C,T,C,A,,,,,,,,,,,,,,,,,,,,,,,,,,,,,,,,
Jassa_L10C_F_32,,C,A,T,T,T,C,G,C,A,C,A,T,T,A,,,,,,,,,,,,,,,,,,,,,,,,,,,,,,,,,,,,,,,,,,,
Jassa_ST0725_F_33,T,C,A,T,T,T,C,G,C,A,C,A,T,T,A,T,T,A,T,A,T,C,C,T,C,A,G,,,,,,,,,,,,,,,,,,,,,,,,,,,,,,,
Jassa_SW0939_F_34,T,C,A,T,T,T,C,G,C,A,C,A,T,T,A,,,,,,,,,,,,,,,,,,,,,,,,,,,,,,,,,,,,,,,,,,,
Jassa_SW0939_F_35,T,C,A,T,T,T,C,G,C,A,C,A,T,T,A,T,T,A,T,A,T,C,C,T,C,A,G,,,,,,,,,,,,,,,,,,,,,,,,,,,,,,,
Jassa_L10C_F_36,,C,A,T,T,T,C,G,C,A,C,A,T,T,A,T,T,A,T,A,T,C,C,T,C,A,G,,,,,,,,,,,,,,,,,,,,,,,,,,,,,,,
Jassa_ST0725_F_37,T,C,A,T,T,T,C,G,C,A,C,A,T,T,A,T,T,A,T,A,T,C,C,T,C,A,G,,,,,,,,,,,,,,,,,,,,,,,,,,,,,,,
Jassa_SW0939_F_37,T,C,A,T,T,T,C,G,C,A,C,A,T,T,A,T,T,A,T,A,T,C,C,T,C,A,G,,,,,,,,,,,,,,,,,,,,,,,,,,,,,,,
Jassa_L10A_F_38,,C,A,T,T,T,C,G,C,A,C,A,T,T,A,T,T,A,T,A,T,C,C,T,C,A,G,,,,,,,,,,,,,,,,,,,,,,,,,,,,,,,
Jassa_SW0939_F_42,T,C,A,T,T,T,C,G,C,A,C,A,T,T,A,T,T,A,,,,,,,,,,,,,,,,,,,,,,,,,,,,,,,,,,,,,,,,
Jassa_SW0566_F_42,T,C,A,T,T,T,C,G,C,A,C,A,T,T,A,T,T,A,T,A,T,C,C,T,C,A,G,,,,,,,,,,,,,,,,,,,,,,,,,,,,,,,
Jassa_ST0725_F_43,T,C,A,T,T,T,C,G,C,A,C,A,T,T,A,T,T,A,T,A,T,C,C,T,C,A,G,,,,,,,,,,,,,,,,,,,,,,,,,,,,,,,
Jassa_S11B01_F_43,,,A,T,T,T,C,G,C,A,C,A,T,T,A,,,,,,,,,,,,,,,,,,,,,,,,,,,,,,,,,,,,,,,,,,,
Jassa_SW0939_F_44,T,C,A,T,T,T,C,G,C,A,C,A,T,T,A,T,T,A,T,A,T,C,C,T,C,A,G,,,,,,,,,,,,,,,,,,,,,,,,,,,,,,,
Jassa_L10A_F_45,T,C,A,T,T,T,C,G,C,A,C,A,T,T,A,T,T,A,T,A,T,C,C,T,C,A,G,,,,,,,,,,,,,,,,,,,,,,,,,,,,,,,
Jassa_ST0725_F_45,T,C,A,T,T,T,C,G,C,A,C,A,T,T,A,T,T,A,T,A,T,C,C,T,C,A,G,,,,,,,,,,,,,,,,,,,,,,,,,,,,,,,
Jassa_SW0566_F_46,T,C,A,T,T,T,C,G,C,A,C,A,T,T,A,,,,,,,,,,,,,,,,,,,,,,,,,,,,,,,,,,,,,,,,,,,
Jassa_L10C_F_47,T,C,A,T,T,T,C,G,C,A,C,A,T,T,A,T,T,A,T,A,T,C,C,T,C,A,G,,,,,,,,,,,,,,,,,,,,,,,,,,,,,,,
Jassa_ST0725_F_48,,,,T,T,T,C,G,C,A,C,A,T,T,A,T,T,A,T,A,T,C,,,,,,,,,,,,,,,,,,,,,,,,,,,,,,,,,,,,
Jassa_SW0939_F_14,T,C,A,T,T,T,C,G,C,A,C,A,T,T,A,T,T,A,T,A,T,C,T,T,C,A,A,,,,,,,,,,,,,,,,,,,,,,,,,,,,,,,
Jassa_L10C_F_44,,,,,,,,,,,,A,T,T,A,T,T,A,T,A,T,C,T,T,C,A,A,,,,,,,,,,,,,,,,,,,,,,,,,,,,,,,
Jassa_L10C_F_48,T,C,A,T,T,T,C,G,C,A,C,A,T,T,A,T,T,A,T,A,T,C,C,T,,,,,,,,,,,,,,,,,,,,,,,,,,,,,,,,,,
Jassa_SW0939_F_43,T,C,A,T,T,T,C,G,C,A,C,A,T,T,A,T,T,A,T,A,T,C,T,T,C,A,G,,,,,,,,,,,,,,,,,,,,,,,,,,,,,,,
Jassa_ST0725_F_18,T,C,A,T,T,T,C,G,C,A,C,G,T,T,A,C,T,A,T,A,T,C,T,C,C,A,A,,,,,,,,,,,,,,,,,,,,,,,,,,,,,,,
Jassa_SW0935_F_22,T,C,A,T,T,T,C,G,C,A,C,G,T,T,A,C,T,A,T,A,T,C,T,C,C,A,A,,,,,,,,,,,,,,,,,,,,,,,,,,,,,,,
Jassa_ST0725_F_30,T,C,A,T,T,T,C,G,C,A,C,G,T,T,A,C,T,A,T,A,T,C,T,C,C,A,A,,,,,,,,,,,,,,,,,,,,,,,,,,,,,,,
Jassa_ST0725_F_38,T,C,A,T,T,T,C,G,C,A,C,G,T,T,A,C,T,A,T,A,T,C,T,C,C,A,A,,,,,,,,,,,,,,,,,,,,,,,,,,,,,,,
Jassa_ST0729_F_44,T,C,A,T,T,T,C,G,C,A,C,G,T,T,A,C,T,A,T,A,T,C,T,C,C,A,A,,,,,,,,,,,,,,,,,,,,,,,,,,,,,,,
Jassa_SW0940_F_47,T,C,A,T,T,T,C,G,C,A,C,G,T,T,A,T,T,A,T,A,T,C,T,C,C,A,A,,,,,,,,,,,,,,,,,,,,,,,,,,,,,,,
Jassa_SW0937_F_34,T,C,A,T,T,T,C,G,C,G,C,A,T,C,A,T,T,A,T,A,T,C,T,T,T,A,A,,,,,,,,,,,,,,,,,,,,,,,,,,,,,,,
Jassa_SW0937_F_46,T,C,A,T,T,T,C,G,C,G,C,A,T,C,A,T,T,A,T,A,T,C,T,T,T,A,A,,,,,,,,,,,,,,,,,,,,,,,,,,,,,,,
Jassa_S11B01_F_01,,C,A,T,T,T,C,G,T,A,C,G,C,T,A,C,T,A,T,A,T,C,T,C,C,A,A,,,,,,,,,,,,,,,,,,,,,,,,,,,,,,,
Jassa_ST0729_F_08,T,C,A,T,T,T,C,G,T,A,C,G,C,T,A,C,T,A,T,A,T,C,T,C,C,A,A,,,,,,,,,,,,,,,,,,,,,,,,,,,,,,,
Jassa_ST0727_F_27,,,,,,,C,G,T,A,C,G,C,T,A,C,T,A,T,A,T,C,T,C,C,A,A,,,,,,,,,,,,,,,,,,,,,,,,,,,,,,,
Jassa_ST0729_F_49,,C,A,T,T,T,C,G,T,A,C,G,C,T,A,C,T,A,T,A,T,C,T,C,C,A,A,,,,,,,,,,,,,,,,,,,,,,,,,,,,,,,
Jassa_ST0729_F_70,,C,A,T,T,T,C,G,T,A,C,G,C,T,A,C,T,A,T,A,T,C,T,C,C,A,A,,,,,,,,,,,,,,,,,,,,,,,,,,,,,,,
Jassa_ST0725_F_17,T,C,A,T,T,T,C,G,T,A,C,G,C,T,A,C,T,A,T,A,T,C,T,C,T,A,A,,,,,,,,,,,,,,,,,,,,,,,,,,,,,,,
Jassa_ST0725_F_10,T,C,A,T,T,T,C,G,T,A,C,G,C,T,A,T,T,A,T,A,T,C,C,C,C,A,G,,,,,,,,,,,,,,,,,,,,,,,,,,,,,,,
Jassa_L10A_F_19,,C,A,T,T,T,C,G,T,A,C,G,C,T,A,T,T,A,T,A,T,C,C,C,C,A,G,,,,,,,,,,,,,,,,,,,,,,,,,,,,,,,
Jassa_S11B01_F_19,,C,A,T,T,T,C,G,T,A,C,G,C,T,A,T,T,A,T,A,T,C,C,C,C,A,G,,,,,,,,,,,,,,,,,,,,,,,,,,,,,,,
Jassa_L10A_F_23,T,C,A,T,T,T,C,G,T,A,C,G,C,T,A,T,T,A,T,A,T,C,C,C,C,A,G,,,,,,,,,,,,,,,,,,,,,,,,,,,,,,,
Jassa_SW0934_F_25,T,C,A,T,T,T,C,G,T,A,C,G,C,T,A,T,T,A,T,A,T,C,C,C,C,A,G,,,,,,,,,,,,,,,,,,,,,,,,,,,,,,,
Jassa_S11B01_F_29,T,C,A,T,T,T,C,G,T,A,C,G,C,T,A,T,T,A,T,A,T,C,,,,,,,,,,,,,,,,,,,,,,,,,,,,,,,,,,,,
Jassa_SW0935_F_30,T,C,A,T,T,T,C,G,T,A,C,G,C,T,A,T,T,A,T,A,T,C,C,C,C,A,G,,,,,,,,,,,,,,,,,,,,,,,,,,,,,,,
Jassa_L10A_F_32,,C,A,T,T,T,C,G,T,A,C,G,C,T,A,T,T,A,T,A,T,C,C,C,C,A,G,,,,,,,,,,,,,,,,,,,,,,,,,,,,,,,
Jassa_S11B01_F_33,T,C,A,T,T,T,C,G,T,A,C,G,C,T,A,T,T,A,T,A,T,C,C,C,C,A,G,,,,,,,,,,,,,,,,,,,,,,,,,,,,,,,
Jassa_SP0654_F_03,T,C,A,T,T,T,G,G,C,A,C,A,T,C,A,C,C,A,T,A,T,C,T,T,C,A,A,,,,,,,,,,,,,,,,,,,,,,,,,,,,,,,
Jassa_SW0933_F_06,T,C,A,T,T,T,G,G,C,A,C,A,T,C,A,C,C,A,T,A,T,C,T,T,C,A,A,,,,,,,,,,,,,,,,,,,,,,,,,,,,,,,
Jassa_SW0941_F_06,,,,,,,G,G,C,A,C,A,T,C,A,C,C,A,T,A,T,C,T,T,C,A,A,,,,,,,,,,,,,,,,,,,,,,,,,,,,,,,
Jassa_SW0933_F_07,T,C,A,T,T,T,G,G,C,A,C,A,T,C,A,C,C,A,T,A,T,C,T,T,C,A,A,,,,,,,,,,,,,,,,,,,,,,,,,,,,,,,
Jassa_SW0566_F_07,T,C,A,T,T,T,G,G,C,A,C,A,T,C,A,C,C,A,T,A,T,C,T,T,,,,,,,,,,,,,,,,,,,,,,,,,,,,,,,,,,
Jassa_SW0943_F_10,T,C,A,T,T,T,G,G,C,A,C,A,T,C,A,C,C,A,T,A,T,C,T,T,C,A,A,,,,,,,,,,,,,,,,,,,,,,,,,,,,,,,
Jassa_SW0933_F_13,T,C,A,T,T,T,G,G,C,A,C,A,T,C,A,C,C,A,T,A,T,C,T,T,C,,,,,,,,,,,,,,,,,,,,,,,,,,,,,,,,,
Jassa_SW0933_F_14,T,C,A,T,T,T,G,G,C,A,C,A,T,C,A,C,C,A,T,A,T,C,T,T,C,A,A,,,,,,,,,,,,,,,,,,,,,,,,,,,,,,,
Jassa_SW0941_F_15,T,C,A,T,T,T,G,G,C,A,C,A,T,C,A,C,C,A,T,A,T,C,T,T,C,A,A,,,,,,,,,,,,,,,,,,,,,,,,,,,,,,,
Jassa_SW0933_F_17,T,C,A,T,T,T,G,G,C,A,C,A,T,C,A,C,C,A,T,A,T,C,T,T,C,A,A,,,,,,,,,,,,,,,,,,,,,,,,,,,,,,,
Jassa_SW0933_F_18,,C,A,T,T,T,G,G,C,A,C,A,T,C,A,C,C,A,T,A,T,C,T,T,C,A,A,,,,,,,,,,,,,,,,,,,,,,,,,,,,,,,
Jassa_SW0933_F_19,T,C,A,T,T,T,G,G,C,A,C,A,T,C,A,C,C,A,T,A,T,C,T,T,C,,,,,,,,,,,,,,,,,,,,,,,,,,,,,,,,,
Jassa_S11B01_F_21,,,,,T,T,G,G,C,A,C,A,T,C,A,C,C,A,T,A,T,C,T,T,,,,,,,,,,,,,,,,,,,,,,,,,,,,,,,,,,
Jassa_SW0933_F_22,T,C,A,T,T,T,G,G,C,A,C,A,T,C,A,C,C,A,T,A,T,C,T,T,C,A,A,,,,,,,,,,,,,,,,,,,,,,,,,,,,,,,
Jassa_ST0725_F_23,T,C,A,T,T,T,G,G,C,A,C,A,T,C,A,C,C,A,T,A,T,C,T,T,C,A,A,,,,,,,,,,,,,,,,,,,,,,,,,,,,,,,
Jassa_SW0943_F_23,T,C,A,T,T,T,G,G,C,A,C,A,T,C,A,C,C,A,T,A,T,C,T,T,C,A,A,,,,,,,,,,,,,,,,,,,,,,,,,,,,,,,
Jassa_SW0933_F_24,T,C,A,T,T,T,G,G,C,A,C,A,T,C,A,C,C,A,T,A,T,C,T,T,C,A,A,,,,,,,,,,,,,,,,,,,,,,,,,,,,,,,
Jassa_SW0933_F_25,T,C,A,T,T,T,G,G,C,A,C,A,T,C,A,C,C,A,T,A,T,C,T,T,C,A,A,,,,,,,,,,,,,,,,,,,,,,,,,,,,,,,
Jassa_SP0654_F_25,T,C,A,T,T,T,G,G,C,A,C,A,T,C,A,C,C,A,T,A,T,C,T,T,C,,,,,,,,,,,,,,,,,,,,,,,,,,,,,,,,,
Jassa_SW0932_F_27,T,C,A,T,T,T,G,G,C,A,C,A,T,C,A,C,C,A,T,A,T,C,T,T,C,A,A,,,,,,,,,,,,,,,,,,,,,,,,,,,,,,,
Jassa_SW0933_F_27,T,C,A,T,T,T,G,G,C,A,C,A,T,C,A,C,C,A,T,A,T,C,T,T,C,A,A,,,,,,,,,,,,,,,,,,,,,,,,,,,,,,,
Jassa_ST0725_F_28,T,C,A,T,T,T,G,G,C,A,C,A,T,C,A,C,C,A,T,A,T,C,T,T,C,A,A,,,,,,,,,,,,,,,,,,,,,,,,,,,,,,,
Jassa_SW0933_F_29,T,C,A,T,T,T,G,G,C,A,C,A,T,C,A,C,C,A,T,A,T,C,T,T,C,,,,,,,,,,,,,,,,,,,,,,,,,,,,,,,,,
Jassa_SW0933_F_30,T,C,A,T,T,T,G,G,C,A,C,A,T,C,A,C,C,A,T,A,T,C,T,T,C,,,,,,,,,,,,,,,,,,,,,,,,,,,,,,,,,
Jassa_ST0725_F_32,,,,T,T,T,G,G,C,A,C,A,T,C,A,C,C,A,T,A,T,C,T,T,C,A,A,,,,,,,,,,,,,,,,,,,,,,,,,,,,,,,
Jassa_SW0933_F_33,T,C,A,T,T,T,G,G,C,A,C,A,T,C,A,C,C,A,T,A,T,C,T,T,C,A,A,,,,,,,,,,,,,,,,,,,,,,,,,,,,,,,
Jassa_SW0933_F_34,T,C,A,T,T,T,G,G,C,A,C,A,T,C,A,C,C,A,T,A,T,C,T,,,,,,,,,,,,,,,,,,,,,,,,,,,,,,,,,,,
Jassa_SW0933_F_35,,,,,T,T,G,G,C,A,C,A,T,C,A,C,C,A,T,A,T,C,T,T,C,A,A,,,,,,,,,,,,,,,,,,,,,,,,,,,,,,,
Jassa_ST0729_F_39,T,C,A,T,T,T,G,G,C,A,C,A,T,C,A,C,C,A,T,A,T,C,T,T,C,A,A,,,,,,,,,,,,,,,,,,,,,,,,,,,,,,,
Jassa_SW0933_F_42,T,C,A,T,T,T,G,G,C,A,C,A,T,C,A,C,C,A,T,A,T,C,T,T,C,A,A,,,,,,,,,,,,,,,,,,,,,,,,,,,,,,,
Jassa_SW0943_F_42,T,C,A,T,T,T,G,G,C,A,C,A,T,C,A,C,C,A,T,A,T,C,T,T,C,A,A,,,,,,,,,,,,,,,,,,,,,,,,,,,,,,,
Jassa_SW0933_F_43,T,C,A,T,T,T,G,G,C,A,C,A,T,C,A,C,C,A,T,A,T,C,T,T,C,A,A,,,,,,,,,,,,,,,,,,,,,,,,,,,,,,,
Jassa_SW0566_F_45,,C,A,T,T,T,G,G,C,A,C,A,T,C,A,C,C,A,T,A,T,C,T,T,C,A,A,,,,,,,,,,,,,,,,,,,,,,,,,,,,,,,
Jassa_SW0943_F_46,T,C,A,T,T,T,G,G,C,A,C,A,T,C,A,C,C,A,T,A,T,C,T,T,C,A,A,,,,,,,,,,,,,,,,,,,,,,,,,,,,,,,
Jassa_SW0932_F_01,T,C,A,T,T,T,G,G,C,A,C,A,T,C,A,C,C,A,T,C,T,C,T,T,C,A,A,,,,,,,,,,,,,,,,,,,,,,,,,,,,,,,
Jassa_SW0932_F_02,,,,,,,G,G,C,A,C,A,T,C,A,C,C,A,T,C,T,C,T,T,C,A,A,,,,,,,,,,,,,,,,,,,,,,,,,,,,,,,
Jassa_ST0729_F_03,,,A,T,T,T,G,G,C,A,C,A,T,C,A,C,C,A,T,C,T,C,T,T,C,A,A,,,,,,,,,,,,,,,,,,,,,,,,,,,,,,,
Jassa_S11B01_F_03,T,C,A,T,T,T,G,G,C,A,C,A,T,C,A,C,C,A,T,C,T,C,T,T,C,A,A,,,,,,,,,,,,,,,,,,,,,,,,,,,,,,,
Jassa_ST0729_F_04,T,C,A,T,T,T,G,G,C,A,C,A,T,C,A,C,C,A,T,C,T,C,T,T,C,A,A,,,,,,,,,,,,,,,,,,,,,,,,,,,,,,,
Jassa_SW0932_F_06,T,C,A,T,T,T,G,G,C,A,C,A,T,C,A,C,C,A,T,C,T,C,T,T,C,A,,,,,,,,,,,,,,,,,,,,,,,,,,,,,,,,
Jassa_SW0932_F_08,T,C,A,T,T,T,G,G,C,A,C,A,T,C,A,C,C,A,T,C,T,C,T,T,C,A,,,,,,,,,,,,,,,,,,,,,,,,,,,,,,,,
Jassa_SW0932_F_09,T,C,A,T,T,T,G,G,C,A,C,A,T,C,A,C,C,A,T,C,T,C,T,T,C,A,A,,,,,,,,,,,,,,,,,,,,,,,,,,,,,,,
Jassa_SW0943_F_09,T,C,A,T,T,T,G,G,C,A,C,A,T,C,A,C,C,A,T,C,T,C,T,T,C,A,A,,,,,,,,,,,,,,,,,,,,,,,,,,,,,,,
Jassa_ST0729_F_11,T,C,A,T,T,T,G,G,C,A,C,A,T,C,A,C,C,A,T,C,T,C,T,T,C,A,A,,,,,,,,,,,,,,,,,,,,,,,,,,,,,,,
Jassa_ST0729_F_15,T,C,A,T,T,T,G,G,C,A,C,A,T,C,A,C,C,A,T,C,T,C,T,T,C,A,A,,,,,,,,,,,,,,,,,,,,,,,,,,,,,,,
Jassa_SW0932_F_15,T,C,A,T,T,T,G,G,C,A,C,A,T,C,A,C,C,A,T,C,T,C,T,T,C,A,A,,,,,,,,,,,,,,,,,,,,,,,,,,,,,,,
Jassa_SP0225_F_15,T,C,A,T,T,T,G,G,C,A,C,A,T,C,A,C,C,A,T,C,T,C,T,T,C,A,A,,,,,,,,,,,,,,,,,,,,,,,,,,,,,,,
Jassa_SW0566_F_15,T,C,A,T,T,T,G,G,C,A,C,A,T,C,A,C,C,A,T,C,T,C,T,T,C,A,A,,,,,,,,,,,,,,,,,,,,,,,,,,,,,,,
Jassa_SW0932_F_16,T,C,A,T,T,T,G,G,C,A,C,A,T,C,A,C,C,A,T,C,T,C,T,T,C,A,A,,,,,,,,,,,,,,,,,,,,,,,,,,,,,,,
Jassa_SW0932_F_17,,,,,,,G,G,C,A,C,A,T,C,A,C,C,A,T,C,T,C,T,T,C,A,A,,,,,,,,,,,,,,,,,,,,,,,,,,,,,,,
Jassa_ST0729_F_18,T,C,A,T,T,T,G,G,C,A,C,A,T,C,A,C,C,A,T,C,T,C,T,T,C,A,A,,,,,,,,,,,,,,,,,,,,,,,,,,,,,,,
Jassa_L10C_F_18,,,A,T,T,T,G,G,C,A,C,A,T,C,A,C,C,A,T,C,T,C,T,T,C,A,A,,,,,,,,,,,,,,,,,,,,,,,,,,,,,,,
Jassa_SP0654_F_20,T,C,A,T,T,T,G,G,C,A,C,A,T,C,A,C,C,A,T,C,T,C,T,T,C,A,A,,,,,,,,,,,,,,,,,,,,,,,,,,,,,,,
Jassa_SW0566_F_20,,C,A,T,T,T,G,G,C,A,C,A,T,C,A,,,,,,,,,,,,,,,,,,,,,,,,,,,,,,,,,,,,,,,,,,,
Jassa_SW0932_F_21,T,C,A,T,T,T,G,G,C,A,C,A,T,C,A,C,C,A,T,C,T,C,T,T,C,A,A,,,,,,,,,,,,,,,,,,,,,,,,,,,,,,,
Jassa_SW0569_F_21,T,C,A,T,T,T,G,G,C,A,C,A,T,C,A,C,C,A,T,C,T,C,T,T,C,A,A,,,,,,,,,,,,,,,,,,,,,,,,,,,,,,,
Jassa_SW0941_F_23,T,C,A,T,T,T,G,G,C,A,C,A,T,C,A,C,C,A,T,C,T,C,T,T,C,A,A,,,,,,,,,,,,,,,,,,,,,,,,,,,,,,,
Jassa_L10C_F_23,T,C,A,T,T,T,G,G,C,A,C,A,T,C,A,C,C,A,T,C,T,C,T,T,C,A,A,,,,,,,,,,,,,,,,,,,,,,,,,,,,,,,
Jassa_SW0566_F_23,T,C,A,T,T,T,G,G,C,A,C,A,T,C,A,C,C,A,T,C,T,C,T,T,C,A,A,,,,,,,,,,,,,,,,,,,,,,,,,,,,,,,
Jassa_SW0932_F_24,T,C,A,T,T,T,G,G,C,A,C,A,T,C,A,C,C,A,T,C,T,C,T,T,C,A,A,,,,,,,,,,,,,,,,,,,,,,,,,,,,,,,
Jassa_ST0729_F_25,T,C,A,T,T,T,G,G,C,A,C,A,T,C,A,C,C,A,T,C,T,C,T,T,C,A,A,,,,,,,,,,,,,,,,,,,,,,,,,,,,,,,
Jassa_SW0942_F_25,T,C,A,T,T,T,G,G,C,A,C,A,T,C,A,C,C,A,T,C,T,C,T,T,C,A,A,,,,,,,,,,,,,,,,,,,,,,,,,,,,,,,
Jassa_SW0569_F_25,T,C,A,T,T,T,G,G,C,A,C,A,T,C,A,C,C,A,T,C,T,C,T,T,C,A,A,,,,,,,,,,,,,,,,,,,,,,,,,,,,,,,
Jassa_ST0729_F_26,T,C,A,T,T,T,G,G,C,A,C,A,T,C,A,C,C,A,T,C,T,C,T,T,C,A,A,,,,,,,,,,,,,,,,,,,,,,,,,,,,,,,
Jassa_SW0932_F_26,T,C,A,T,T,T,G,G,C,A,C,A,T,C,A,C,C,A,T,C,T,C,T,T,C,A,A,,,,,,,,,,,,,,,,,,,,,,,,,,,,,,,
Jassa_SW0941_F_27,T,C,A,T,T,T,G,G,C,A,C,A,T,C,A,C,C,A,T,C,T,C,T,T,C,A,A,,,,,,,,,,,,,,,,,,,,,,,,,,,,,,,
Jassa_ST0725_F_29,T,C,A,T,T,T,G,G,C,A,C,A,T,C,A,C,C,A,T,C,T,C,T,T,C,A,A,,,,,,,,,,,,,,,,,,,,,,,,,,,,,,,
Jassa_ST0729_F_29,,,,,T,T,G,G,C,A,C,A,T,C,A,C,C,A,T,C,T,C,T,T,C,A,A,,,,,,,,,,,,,,,,,,,,,,,,,,,,,,,
Jassa_SW0932_F_29,T,C,A,T,T,T,G,G,C,A,C,A,T,C,A,C,C,A,T,C,T,C,T,T,C,A,A,,,,,,,,,,,,,,,,,,,,,,,,,,,,,,,
Jassa_SW0566_F_29,T,C,A,T,T,T,G,G,C,A,C,A,T,C,A,C,C,A,T,C,T,C,T,T,C,A,A,,,,,,,,,,,,,,,,,,,,,,,,,,,,,,,
Jassa_SW0932_F_31,T,C,A,T,T,T,G,G,C,A,C,A,T,C,A,C,C,A,T,C,T,C,T,T,C,A,A,,,,,,,,,,,,,,,,,,,,,,,,,,,,,,,
Jassa_SW0569_F_31,T,C,A,T,T,T,G,G,C,A,C,A,T,C,A,C,C,A,T,C,T,C,T,T,,,,,,,,,,,,,,,,,,,,,,,,,,,,,,,,,,
Jassa_ST0729_F_33,T,C,A,T,T,T,G,G,C,A,C,A,T,C,A,C,C,A,T,C,T,C,T,T,C,A,A,,,,,,,,,,,,,,,,,,,,,,,,,,,,,,,
Jassa_SW0932_F_33,T,C,A,T,T,T,G,G,C,A,C,A,T,C,A,C,C,A,T,C,T,C,T,T,C,A,A,,,,,,,,,,,,,,,,,,,,,,,,,,,,,,,
Jassa_SW0566_F_34,T,C,A,T,T,T,G,G,C,A,C,A,T,C,A,C,C,A,T,C,T,C,T,T,C,A,A,,,,,,,,,,,,,,,,,,,,,,,,,,,,,,,
Jassa_SW0942_F_35,T,C,A,T,T,T,G,G,C,A,C,A,T,C,A,C,C,A,T,C,T,C,T,T,C,A,A,,,,,,,,,,,,,,,,,,,,,,,,,,,,,,,
Jassa_SW0940_F_36,T,C,A,T,T,T,G,G,C,A,C,A,T,C,A,C,C,A,T,C,T,C,T,T,C,A,A,,,,,,,,,,,,,,,,,,,,,,,,,,,,,,,
Jassa_SW0932_F_37,T,C,A,T,T,T,G,G,C,A,C,A,T,C,A,C,C,A,T,C,T,C,T,T,C,A,A,,,,,,,,,,,,,,,,,,,,,,,,,,,,,,,
Jassa_SW0940_F_37,T,C,A,T,T,T,G,G,C,A,C,A,T,C,A,C,C,A,T,C,T,C,T,T,C,A,A,,,,,,,,,,,,,,,,,,,,,,,,,,,,,,,
Jassa_SW0932_F_38,T,C,A,T,T,T,G,G,C,A,C,A,T,C,A,C,C,A,T,C,T,C,T,T,C,A,A,,,,,,,,,,,,,,,,,,,,,,,,,,,,,,,
Jassa_SP0654_F_38,T,C,A,T,T,T,G,G,C,A,C,A,T,C,A,C,C,A,T,C,T,C,T,T,C,A,A,,,,,,,,,,,,,,,,,,,,,,,,,,,,,,,
Jassa_ST0725_F_39,,,,,,,G,G,C,A,C,A,T,C,A,C,C,A,T,C,T,C,T,T,C,A,A,,,,,,,,,,,,,,,,,,,,,,,,,,,,,,,
Jassa_SW0566_F_40,T,C,A,T,T,T,G,G,C,A,C,A,T,C,A,C,C,A,T,C,T,C,T,T,C,A,A,,,,,,,,,,,,,,,,,,,,,,,,,,,,,,,
Jassa_ST0729_F_41,T,C,A,T,T,T,G,G,C,A,C,A,T,C,A,C,C,A,T,C,T,C,T,T,C,A,A,,,,,,,,,,,,,,,,,,,,,,,,,,,,,,,
Jassa_SW0932_F_42,T,C,A,T,T,T,G,G,C,A,C,A,T,C,A,C,C,A,T,C,T,C,T,T,C,A,A,,,,,,,,,,,,,,,,,,,,,,,,,,,,,,,
Jassa_SW0941_F_42,,,,,T,T,G,G,C,A,C,A,T,C,A,C,C,A,T,C,T,C,T,T,C,A,A,,,,,,,,,,,,,,,,,,,,,,,,,,,,,,,
Jassa_L10C_F_42,,,A,T,T,T,G,G,C,A,C,A,T,C,A,C,C,A,T,C,T,C,T,T,C,A,A,,,,,,,,,,,,,,,,,,,,,,,,,,,,,,,
Jassa_SW0932_F_44,T,C,A,T,T,T,G,G,C,A,C,A,T,C,A,C,C,A,T,C,T,C,T,T,C,A,A,,,,,,,,,,,,,,,,,,,,,,,,,,,,,,,
Jassa_SW0940_F_44,T,C,A,T,T,T,G,G,C,A,C,A,T,C,A,C,C,A,T,C,T,C,T,T,C,A,A,,,,,,,,,,,,,,,,,,,,,,,,,,,,,,,
Jassa_SW0941_F_45,,,,,,,G,G,C,A,C,A,T,C,A,C,C,A,T,C,T,C,T,T,C,A,A,,,,,,,,,,,,,,,,,,,,,,,,,,,,,,,
Jassa_SP0654_F_46,T,C,A,T,T,T,G,G,C,A,C,A,T,C,A,C,C,A,T,C,T,C,T,T,C,A,A,,,,,,,,,,,,,,,,,,,,,,,,,,,,,,,
Jassa_ST0727_F_47,,,,T,T,T,G,G,C,A,C,A,T,C,A,C,C,A,T,C,T,C,T,T,C,A,A,,,,,,,,,,,,,,,,,,,,,,,,,,,,,,,
Jassa_SW0932_F_48,T,C,A,T,T,T,G,G,C,A,C,A,T,C,A,C,C,A,T,C,T,C,T,T,C,A,A,,,,,,,,,,,,,,,,,,,,,,,,,,,,,,,
Jassa_SW0940_F_48,T,C,A,T,T,T,G,G,C,A,C,A,T,C,A,C,C,A,T,C,T,C,T,T,C,A,A,,,,,,,,,,,,,,,,,,,,,,,,,,,,,,,
Jassa_ST0729_F_72,T,C,A,T,T,T,G,G,C,A,C,A,T,C,A,C,C,A,T,C,T,C,T,T,C,A,A,,,,,,,,,,,,,,,,,,,,,,,,,,,,,,,
Jassa_ST0729_F_48,T,C,A,T,T,T,G,G,C,A,C,A,T,C,A,C,C,G,T,A,T,C,T,T,C,A,A,,,,,,,,,,,,,,,,,,,,,,,,,,,,,,,
Jassa_SW0934_F_02,T,C,A,T,T,T,G,G,C,A,C,A,T,C,A,C,T,A,T,A,T,C,T,T,C,A,A,,,,,,,,,,,,,,,,,,,,,,,,,,,,,,,
Jassa_SW0939_F_02,T,C,A,T,T,T,G,G,C,A,C,A,T,C,A,C,T,A,T,A,T,C,T,T,C,A,A,,,,,,,,,,,,,,,,,,,,,,,,,,,,,,,
Jassa_SW0941_F_02,,C,A,T,T,T,G,G,C,A,C,A,T,C,A,C,T,A,T,A,T,C,T,T,C,A,,,,,,,,,,,,,,,,,,,,,,,,,,,,,,,,
Jassa_SW0937_F_03,T,C,A,T,T,T,G,G,C,A,C,A,T,C,A,C,T,A,T,A,T,C,T,T,C,A,A,,,,,,,,,,,,,,,,,,,,,,,,,,,,,,,
Jassa_SW0934_F_04,T,C,A,T,T,T,G,G,C,A,C,A,T,C,A,C,T,A,T,A,T,C,T,T,C,A,A,,,,,,,,,,,,,,,,,,,,,,,,,,,,,,,
Jassa_SW0939_F_05,T,C,A,T,T,T,G,G,C,A,C,A,T,C,A,C,T,A,T,A,T,C,T,T,C,A,A,,,,,,,,,,,,,,,,,,,,,,,,,,,,,,,
Jassa_SW0939_F_06,T,C,A,T,T,T,G,G,C,A,C,A,T,C,A,C,T,A,T,A,T,C,T,T,C,A,A,,,,,,,,,,,,,,,,,,,,,,,,,,,,,,,
Jassa_SW0937_F_07,T,C,A,T,T,T,G,G,C,A,C,A,T,C,A,C,T,A,T,A,T,C,T,T,C,A,A,,,,,,,,,,,,,,,,,,,,,,,,,,,,,,,
Jassa_SW0934_F_09,,C,A,T,T,T,G,G,C,A,C,A,T,C,A,C,T,A,T,A,T,C,T,T,C,A,A,,,,,,,,,,,,,,,,,,,,,,,,,,,,,,,
Jassa_SW0934_F_10,T,C,A,T,T,T,G,G,C,A,C,A,T,C,A,C,T,A,T,A,T,C,T,T,C,A,A,,,,,,,,,,,,,,,,,,,,,,,,,,,,,,,
Jassa_SW0937_F_10,T,C,A,T,T,T,G,G,C,A,C,A,T,C,A,C,T,A,T,A,T,C,T,T,C,A,A,,,,,,,,,,,,,,,,,,,,,,,,,,,,,,,
Jassa_SW0934_F_11,T,C,A,T,T,T,G,G,C,A,C,A,T,C,A,C,T,A,T,A,T,C,T,T,C,A,A,,,,,,,,,,,,,,,,,,,,,,,,,,,,,,,
Jassa_SW0939_F_12,T,C,A,T,T,T,G,G,C,A,C,A,T,C,A,C,T,A,T,A,T,C,T,T,C,A,A,,,,,,,,,,,,,,,,,,,,,,,,,,,,,,,
Jassa_SW0937_F_13,T,C,A,T,T,T,G,G,C,A,C,A,T,C,A,C,T,A,T,A,T,C,T,T,C,A,A,,,,,,,,,,,,,,,,,,,,,,,,,,,,,,,
Jassa_SW0934_F_14,T,C,A,T,T,T,G,G,C,A,C,A,T,C,A,C,T,A,T,A,T,C,T,T,C,A,A,,,,,,,,,,,,,,,,,,,,,,,,,,,,,,,
Jassa_SW0937_F_14,T,C,A,T,T,T,G,G,C,A,C,A,T,C,A,C,T,A,T,A,T,C,T,T,C,A,A,,,,,,,,,,,,,,,,,,,,,,,,,,,,,,,
Jassa_SW0937_F_15,T,C,A,T,T,T,G,G,C,A,C,A,T,C,A,C,T,A,T,A,T,C,T,T,C,A,A,,,,,,,,,,,,,,,,,,,,,,,,,,,,,,,
Jassa_SW0939_F_16,T,C,A,T,T,T,G,G,C,A,C,A,T,C,A,C,T,A,T,A,T,C,T,T,C,A,A,,,,,,,,,,,,,,,,,,,,,,,,,,,,,,,
Jassa_SW0940_F_17,T,C,A,T,T,T,G,G,C,A,C,A,T,C,A,C,T,A,T,A,T,C,T,T,C,A,A,,,,,,,,,,,,,,,,,,,,,,,,,,,,,,,
Jassa_SW0934_F_18,T,C,A,T,T,T,G,G,C,A,C,A,T,C,A,C,T,A,T,A,T,C,T,T,C,A,A,,,,,,,,,,,,,,,,,,,,,,,,,,,,,,,
Jassa_SW0937_F_18,T,C,A,T,T,T,G,G,C,A,C,A,T,C,A,C,T,A,T,A,T,C,T,T,C,A,A,,,,,,,,,,,,,,,,,,,,,,,,,,,,,,,
Jassa_SW0934_F_19,T,C,A,T,T,T,G,G,C,A,C,A,T,C,A,C,T,A,T,A,T,C,T,T,C,A,A,,,,,,,,,,,,,,,,,,,,,,,,,,,,,,,
Jassa_SW0937_F_19,T,C,A,T,T,T,G,G,C,A,C,A,T,C,A,C,T,A,T,A,T,C,T,T,C,A,A,,,,,,,,,,,,,,,,,,,,,,,,,,,,,,,
Jassa_SW0937_F_20,T,C,A,T,T,T,G,G,C,A,C,A,T,C,A,C,T,A,T,A,T,C,T,T,C,A,A,,,,,,,,,,,,,,,,,,,,,,,,,,,,,,,
Jassa_SW0934_F_21,T,C,A,T,T,T,G,G,C,A,C,A,T,C,A,C,T,A,T,A,T,C,T,T,C,A,A,,,,,,,,,,,,,,,,,,,,,,,,,,,,,,,
Jassa_SW0940_F_21,T,C,A,T,T,T,G,G,C,A,C,A,T,C,A,C,T,A,T,A,T,C,T,T,C,A,A,,,,,,,,,,,,,,,,,,,,,,,,,,,,,,,
Jassa_SW0934_F_23,T,C,A,T,T,T,G,G,C,A,C,A,T,C,A,C,T,A,T,A,T,C,T,T,C,A,A,,,,,,,,,,,,,,,,,,,,,,,,,,,,,,,
Jassa_SW0936_F_23,T,C,A,T,T,T,G,G,C,A,C,A,T,C,A,C,T,A,T,A,T,C,T,T,C,A,A,,,,,,,,,,,,,,,,,,,,,,,,,,,,,,,
Jassa_SW0936_F_25,T,C,A,T,T,T,G,G,C,A,C,A,T,C,A,C,T,A,T,A,T,C,T,T,C,A,A,,,,,,,,,,,,,,,,,,,,,,,,,,,,,,,
Jassa_SW0934_F_26,T,C,A,T,T,T,G,G,C,A,C,A,T,C,A,C,T,A,T,A,T,C,T,T,C,A,A,,,,,,,,,,,,,,,,,,,,,,,,,,,,,,,
Jassa_SW0936_F_26,T,C,A,T,T,T,G,G,C,A,C,A,T,C,A,C,T,A,T,A,T,C,T,T,C,A,A,,,,,,,,,,,,,,,,,,,,,,,,,,,,,,,
Jassa_SW0936_F_27,T,C,A,T,T,T,G,G,C,A,C,A,T,C,A,C,T,A,T,A,T,C,T,T,C,A,A,,,,,,,,,,,,,,,,,,,,,,,,,,,,,,,
Jassa_SW0934_F_28,T,C,A,T,T,T,G,G,C,A,C,A,T,C,A,C,T,A,T,A,T,C,T,T,C,A,A,,,,,,,,,,,,,,,,,,,,,,,,,,,,,,,
Jassa_SW0936_F_28,T,C,A,T,T,T,G,G,C,A,C,A,T,C,A,C,T,A,T,A,T,C,T,T,C,A,A,,,,,,,,,,,,,,,,,,,,,,,,,,,,,,,
Jassa_SW0937_F_28,T,C,A,T,T,T,G,G,C,A,C,A,T,C,A,C,T,A,T,A,T,C,T,T,C,A,A,,,,,,,,,,,,,,,,,,,,,,,,,,,,,,,
Jassa_SW0936_F_29,T,C,A,T,T,T,G,G,C,A,C,A,T,C,A,C,T,A,T,A,T,C,T,T,C,A,A,,,,,,,,,,,,,,,,,,,,,,,,,,,,,,,
Jassa_SW0937_F_29,T,C,A,T,T,T,G,G,C,A,C,A,T,C,A,C,T,A,T,A,T,C,T,T,C,A,A,,,,,,,,,,,,,,,,,,,,,,,,,,,,,,,
Jassa_SW0936_F_30,T,C,A,T,T,T,G,G,C,A,C,A,T,C,A,C,T,A,T,A,T,C,T,T,C,A,A,,,,,,,,,,,,,,,,,,,,,,,,,,,,,,,
Jassa_SW0939_F_30,T,C,A,T,T,T,G,G,C,A,C,A,T,C,A,C,T,A,T,A,T,C,T,T,C,A,A,,,,,,,,,,,,,,,,,,,,,,,,,,,,,,,
Jassa_SW0934_F_31,T,C,A,T,T,T,G,G,C,A,C,A,T,C,A,C,T,A,T,A,T,C,T,T,C,A,A,,,,,,,,,,,,,,,,,,,,,,,,,,,,,,,
Jassa_SW0936_F_31,T,C,A,T,T,T,G,G,C,A,C,A,T,C,A,C,T,A,T,A,T,C,T,T,C,A,A,,,,,,,,,,,,,,,,,,,,,,,,,,,,,,,
Jassa_SW0936_F_32,T,C,A,T,T,T,G,G,C,A,C,A,T,C,A,C,T,A,T,A,T,C,T,T,C,A,A,,,,,,,,,,,,,,,,,,,,,,,,,,,,,,,
Jassa_SW0934_F_33,T,C,A,T,T,T,G,G,C,A,C,A,T,C,A,C,T,A,T,A,T,C,T,T,C,A,A,,,,,,,,,,,,,,,,,,,,,,,,,,,,,,,
Jassa_SW0936_F_33,T,C,A,T,T,T,G,G,C,A,C,A,T,C,A,C,T,A,T,A,T,C,T,T,C,A,A,,,,,,,,,,,,,,,,,,,,,,,,,,,,,,,
Jassa_SW0937_F_33,T,C,A,T,T,T,G,G,C,A,C,A,T,C,A,C,T,A,T,A,T,C,T,T,C,A,A,,,,,,,,,,,,,,,,,,,,,,,,,,,,,,,
Jassa_SW0939_F_33,T,C,A,T,T,T,G,G,C,A,C,A,T,C,A,C,T,A,T,A,T,C,T,T,C,A,A,,,,,,,,,,,,,,,,,,,,,,,,,,,,,,,
Jassa_SW0934_F_34,T,C,A,T,T,T,G,G,C,A,C,A,T,C,A,C,T,A,T,A,T,C,T,T,C,A,A,,,,,,,,,,,,,,,,,,,,,,,,,,,,,,,
Jassa_SW0936_F_34,T,C,A,T,T,T,G,G,C,A,C,A,T,C,A,C,T,A,T,A,T,C,T,T,C,A,A,,,,,,,,,,,,,,,,,,,,,,,,,,,,,,,
Jassa_SW0936_F_35,T,C,A,T,T,T,G,G,C,A,C,A,T,C,A,C,T,A,T,A,T,C,T,T,C,A,A,,,,,,,,,,,,,,,,,,,,,,,,,,,,,,,
Jassa_SW0936_F_36,T,C,A,T,T,T,G,G,C,A,C,A,T,C,A,C,T,A,T,A,T,C,T,,,,,,,,,,,,,,,,,,,,,,,,,,,,,,,,,,,
Jassa_SW0939_F_36,T,C,A,T,T,T,G,G,C,A,C,A,T,C,A,C,T,A,T,A,T,C,T,T,C,A,A,,,,,,,,,,,,,,,,,,,,,,,,,,,,,,,
Jassa_SW0935_F_37,T,C,A,T,T,T,G,G,C,A,C,A,T,C,A,C,T,A,T,A,T,C,T,T,C,A,A,,,,,,,,,,,,,,,,,,,,,,,,,,,,,,,
Jassa_SW0937_F_37,T,C,A,T,T,T,G,G,C,A,C,A,T,C,A,C,T,A,T,A,T,C,T,T,C,A,A,,,,,,,,,,,,,,,,,,,,,,,,,,,,,,,
Jassa_SW0934_F_38,,C,A,T,T,T,G,G,C,A,C,A,T,C,A,C,T,A,T,A,T,C,T,T,C,A,A,,,,,,,,,,,,,,,,,,,,,,,,,,,,,,,
Jassa_SW0934_F_39,T,C,A,T,T,T,G,G,C,A,C,A,T,C,A,C,T,A,T,A,T,C,T,T,C,A,A,,,,,,,,,,,,,,,,,,,,,,,,,,,,,,,
Jassa_SW0937_F_39,T,C,A,T,T,T,G,G,C,A,C,A,T,C,A,C,T,A,T,A,T,C,T,T,C,A,A,,,,,,,,,,,,,,,,,,,,,,,,,,,,,,,
Jassa_SW0937_F_40,T,C,A,T,T,T,G,G,C,A,C,A,T,C,A,C,T,A,T,A,T,C,T,T,C,A,A,,,,,,,,,,,,,,,,,,,,,,,,,,,,,,,
Jassa_SW0939_F_40,T,C,A,T,T,T,G,G,C,A,C,A,T,C,A,C,T,A,T,A,T,C,T,T,C,A,A,,,,,,,,,,,,,,,,,,,,,,,,,,,,,,,
Jassa_SW0934_F_41,T,C,A,T,T,T,G,G,C,A,C,A,T,C,A,C,T,A,T,A,T,C,T,T,C,A,A,,,,,,,,,,,,,,,,,,,,,,,,,,,,,,,
Jassa_SW0937_F_41,T,C,A,T,T,T,G,G,C,A,C,A,T,C,A,C,T,A,T,A,T,C,T,T,C,A,A,,,,,,,,,,,,,,,,,,,,,,,,,,,,,,,
Jassa_SW0939_F_41,T,C,A,T,T,T,G,G,C,A,C,A,T,C,A,C,T,A,T,A,T,C,T,T,C,A,A,,,,,,,,,,,,,,,,,,,,,,,,,,,,,,,
Jassa_SW0937_F_42,T,C,A,T,T,T,G,G,C,A,C,A,T,C,A,C,T,A,T,A,T,C,T,T,C,A,A,,,,,,,,,,,,,,,,,,,,,,,,,,,,,,,
Jassa_SW0937_F_43,T,C,A,T,T,T,G,G,C,A,C,A,T,C,A,C,T,A,T,A,T,C,T,T,C,A,A,,,,,,,,,,,,,,,,,,,,,,,,,,,,,,,
Jassa_SW0941_F_43,T,C,A,T,T,T,G,G,C,A,C,A,T,C,A,C,T,A,T,A,T,C,T,T,C,A,A,,,,,,,,,,,,,,,,,,,,,,,,,,,,,,,
Jassa_SW0934_F_44,T,C,A,T,T,T,G,G,C,A,C,A,T,C,A,C,T,A,T,A,T,C,T,T,C,A,A,,,,,,,,,,,,,,,,,,,,,,,,,,,,,,,
Jassa_SW0936_F_44,T,C,A,T,T,T,G,G,C,A,C,A,T,C,A,C,T,A,T,A,T,C,T,T,C,A,A,,,,,,,,,,,,,,,,,,,,,,,,,,,,,,,
Jassa_SW0934_F_45,T,C,A,T,T,T,G,G,C,A,C,A,T,C,A,C,T,A,T,A,T,C,T,T,C,A,A,,,,,,,,,,,,,,,,,,,,,,,,,,,,,,,
Jassa_SW0936_F_45,T,C,A,T,T,T,G,G,C,A,C,A,T,C,A,C,T,A,T,A,T,C,T,T,C,A,A,,,,,,,,,,,,,,,,,,,,,,,,,,,,,,,
Jassa_SW0937_F_45,T,C,A,T,T,T,G,G,C,A,C,A,T,C,A,C,T,A,T,A,T,C,T,T,C,A,A,,,,,,,,,,,,,,,,,,,,,,,,,,,,,,,
Jassa_SW0934_F_46,T,C,A,T,T,T,G,G,C,A,C,A,T,C,A,C,T,A,T,A,T,C,T,T,C,A,A,,,,,,,,,,,,,,,,,,,,,,,,,,,,,,,
Jassa_SW0936_F_46,T,C,A,T,T,T,G,G,C,A,C,A,T,C,A,C,T,A,T,A,T,C,T,T,C,A,A,,,,,,,,,,,,,,,,,,,,,,,,,,,,,,,
Jassa_SW0940_F_46,T,C,A,T,T,T,G,G,C,A,C,A,T,C,A,C,T,A,T,A,T,C,T,T,C,A,A,,,,,,,,,,,,,,,,,,,,,,,,,,,,,,,
Jassa_SW0941_F_46,T,C,A,T,T,T,G,G,C,A,C,A,T,C,A,C,T,A,T,A,T,C,T,T,C,A,A,,,,,,,,,,,,,,,,,,,,,,,,,,,,,,,
Jassa_SW0937_F_47,T,C,A,T,T,T,G,G,C,A,C,A,T,C,A,C,T,A,T,A,T,C,T,T,C,A,A,,,,,,,,,,,,,,,,,,,,,,,,,,,,,,,
Jassa_SW0939_F_47,T,C,A,T,T,T,G,G,C,A,C,A,T,C,A,C,T,A,T,A,T,C,T,T,C,A,A,,,,,,,,,,,,,,,,,,,,,,,,,,,,,,,
Jassa_SW0943_F_47,T,C,A,T,T,T,G,G,C,A,C,A,T,C,A,C,T,A,T,A,T,C,T,T,C,,,,,,,,,,,,,,,,,,,,,,,,,,,,,,,,,
Jassa_SW0936_F_48,,,,,,,G,G,C,A,C,A,T,C,A,C,T,A,T,A,T,C,T,T,C,A,A,,,,,,,,,,,,,,,,,,,,,,,,,,,,,,,
Jassa_SW0943_F_48,T,C,A,T,T,T,G,G,C,A,C,A,T,C,A,C,T,A,T,A,T,C,T,T,C,A,A,,,,,,,,,,,,,,,,,,,,,,,,,,,,,,,
Jassa_SW0940_F_01,T,C,A,T,T,T,G,G,C,A,C,A,T,C,A,C,T,A,T,C,T,C,T,T,C,A,A,,,,,,,,,,,,,,,,,,,,,,,,,,,,,,,
Jassa_SW0942_F_01,T,C,A,T,T,T,G,G,C,A,C,A,T,C,A,C,T,A,T,C,T,C,T,T,C,A,A,,,,,,,,,,,,,,,,,,,,,,,,,,,,,,,
Jassa_SW0935_F_02,T,C,A,T,T,T,G,G,C,A,C,A,T,C,A,C,T,A,T,C,T,C,T,T,C,A,A,,,,,,,,,,,,,,,,,,,,,,,,,,,,,,,
Jassa_SW0932_F_03,T,C,A,T,T,T,G,G,C,A,C,A,T,C,,,,,,,,,,,,,,,,,,,,,,,,,,,,,,,,,,,,,,,,,,,,
Jassa_SW0940_F_03,T,C,A,T,T,T,G,G,C,A,C,A,T,C,A,C,T,A,T,C,T,C,T,T,C,A,A,,,,,,,,,,,,,,,,,,,,,,,,,,,,,,,
Jassa_SW0940_F_04,T,C,A,T,T,T,G,G,C,A,C,A,T,C,A,C,T,A,T,C,T,C,T,T,C,A,A,,,,,,,,,,,,,,,,,,,,,,,,,,,,,,,
Jassa_SW0942_F_04,T,C,A,T,T,T,G,G,C,A,C,A,T,C,A,C,T,A,T,C,T,C,T,T,C,A,A,,,,,,,,,,,,,,,,,,,,,,,,,,,,,,,
Jassa_SW0934_F_05,T,C,A,T,T,T,G,G,C,A,C,A,T,C,A,C,T,A,T,C,T,C,T,T,C,A,A,,,,,,,,,,,,,,,,,,,,,,,,,,,,,,,
Jassa_SW0940_F_05,T,C,A,T,T,T,G,G,C,A,C,A,T,C,A,C,T,A,T,C,T,C,T,T,C,A,A,,,,,,,,,,,,,,,,,,,,,,,,,,,,,,,
Jassa_SW0934_F_07,T,C,A,T,T,T,G,G,C,A,C,A,T,C,A,C,T,A,T,C,T,C,T,T,C,A,A,,,,,,,,,,,,,,,,,,,,,,,,,,,,,,,
Jassa_SW0940_F_07,T,C,A,T,T,T,G,G,C,A,C,A,T,C,A,C,T,A,T,C,T,C,T,T,C,A,A,,,,,,,,,,,,,,,,,,,,,,,,,,,,,,,
Jassa_SW0940_F_08,T,C,A,T,T,T,G,G,C,A,C,A,T,C,A,C,T,A,T,C,T,C,T,T,C,A,A,,,,,,,,,,,,,,,,,,,,,,,,,,,,,,,
Jassa_SW0935_F_09,T,C,A,T,T,T,G,G,C,A,C,A,T,C,A,C,T,A,T,C,T,C,T,T,C,A,A,,,,,,,,,,,,,,,,,,,,,,,,,,,,,,,
Jassa_SW0937_F_09,T,C,A,T,T,T,G,G,C,A,C,A,T,C,A,,,,,,,,,,,,,,,,,,,,,,,,,,,,,,,,,,,,,,,,,,,
Jassa_SW0940_F_09,T,C,A,T,T,T,G,G,C,A,C,A,T,C,A,C,T,A,T,C,T,C,T,T,C,A,A,,,,,,,,,,,,,,,,,,,,,,,,,,,,,,,
Jassa_SW0942_F_09,T,C,A,T,T,T,G,G,C,A,C,A,T,C,A,C,T,A,T,C,T,C,T,T,C,A,A,,,,,,,,,,,,,,,,,,,,,,,,,,,,,,,
Jassa_SW0940_F_10,T,C,A,T,T,T,G,G,C,A,C,A,T,C,A,C,T,A,T,C,T,C,T,T,C,A,A,,,,,,,,,,,,,,,,,,,,,,,,,,,,,,,
Jassa_SW0941_F_10,T,C,A,T,T,T,G,G,C,A,C,A,T,C,A,C,T,A,T,C,T,C,T,T,C,A,A,,,,,,,,,,,,,,,,,,,,,,,,,,,,,,,
Jassa_SW0940_F_11,T,C,A,T,T,T,G,G,C,A,C,A,T,C,A,C,T,A,T,C,T,C,T,T,C,A,A,,,,,,,,,,,,,,,,,,,,,,,,,,,,,,,
Jassa_SW0941_F_12,,,,,,,G,G,C,A,C,A,T,C,A,C,T,A,T,C,T,C,T,T,C,A,A,,,,,,,,,,,,,,,,,,,,,,,,,,,,,,,
Jassa_SW0935_F_13,T,C,A,T,T,T,G,G,C,A,C,A,T,C,A,C,T,A,T,C,T,C,T,T,C,A,A,,,,,,,,,,,,,,,,,,,,,,,,,,,,,,,
Jassa_SW0941_F_13,,C,A,T,T,T,G,G,C,A,C,A,T,C,A,C,T,A,T,C,T,C,T,T,C,A,A,,,,,,,,,,,,,,,,,,,,,,,,,,,,,,,
Jassa_SW0940_F_14,T,C,A,T,T,T,G,G,C,A,C,A,T,C,A,C,T,A,T,C,T,C,T,T,C,A,A,,,,,,,,,,,,,,,,,,,,,,,,,,,,,,,
Jassa_SW0942_F_14,T,C,A,T,T,T,G,G,C,A,C,A,T,C,A,C,T,A,T,C,T,C,T,T,C,A,A,,,,,,,,,,,,,,,,,,,,,,,,,,,,,,,
Jassa_SW0942_F_15,T,C,A,T,T,T,G,G,C,A,C,A,T,C,A,C,T,A,T,C,T,C,T,T,C,A,A,,,,,,,,,,,,,,,,,,,,,,,,,,,,,,,
Jassa_SW0940_F_16,T,C,A,T,T,T,G,G,C,A,C,A,T,C,A,C,T,A,T,C,T,C,T,T,C,A,A,,,,,,,,,,,,,,,,,,,,,,,,,,,,,,,
Jassa_SW0942_F_16,T,C,A,T,T,T,G,G,C,A,C,A,T,C,A,C,T,A,T,C,T,C,T,T,C,A,A,,,,,,,,,,,,,,,,,,,,,,,,,,,,,,,
Jassa_SW0941_F_17,T,C,A,T,T,T,G,G,C,A,C,A,T,C,A,C,T,A,T,C,T,C,T,T,C,A,A,,,,,,,,,,,,,,,,,,,,,,,,,,,,,,,
Jassa_SW0935_F_19,T,C,A,T,T,T,G,G,C,A,C,A,T,C,A,C,T,A,T,C,T,C,T,T,C,A,A,,,,,,,,,,,,,,,,,,,,,,,,,,,,,,,
Jassa_SW0935_F_20,T,C,A,T,T,T,G,G,C,A,C,A,T,C,A,C,T,A,T,C,T,C,T,T,C,A,A,,,,,,,,,,,,,,,,,,,,,,,,,,,,,,,
Jassa_SW0940_F_22,T,C,A,T,T,T,G,G,C,A,C,A,T,C,A,C,T,A,T,C,T,C,T,T,C,A,A,,,,,,,,,,,,,,,,,,,,,,,,,,,,,,,
Jassa_SW0933_F_23,T,C,A,T,T,T,G,G,C,A,C,A,T,C,A,,,,,,,,,,,,,,,,,,,,,,,,,,,,,,,,,,,,,,,,,,,
Jassa_SW0940_F_24,T,C,A,T,T,T,G,G,C,A,C,A,T,C,A,C,T,A,T,C,T,C,T,T,C,A,A,,,,,,,,,,,,,,,,,,,,,,,,,,,,,,,
Jassa_SW0942_F_24,T,C,A,T,T,T,G,G,C,A,C,A,T,C,A,C,T,A,T,C,T,C,T,T,C,,,,,,,,,,,,,,,,,,,,,,,,,,,,,,,,,
Jassa_SW0941_F_26,,C,A,T,T,T,G,G,C,A,C,A,T,C,A,C,T,A,T,C,T,C,T,T,C,A,A,,,,,,,,,,,,,,,,,,,,,,,,,,,,,,,
Jassa_SW0935_F_27,T,C,A,T,T,T,G,G,C,A,C,A,T,C,A,C,T,A,T,C,T,C,T,T,C,A,A,,,,,,,,,,,,,,,,,,,,,,,,,,,,,,,
Jassa_SW0940_F_27,T,C,A,T,T,T,G,G,C,A,C,A,T,C,A,C,T,A,T,C,T,C,T,T,C,A,A,,,,,,,,,,,,,,,,,,,,,,,,,,,,,,,
Jassa_SW0941_F_28,,C,A,T,T,T,G,G,C,A,C,A,T,C,A,C,T,A,T,C,T,C,T,T,C,A,A,,,,,,,,,,,,,,,,,,,,,,,,,,,,,,,
Jassa_SW0942_F_28,T,C,A,T,T,T,G,G,C,A,C,A,T,C,A,C,T,A,T,C,T,C,T,T,C,A,A,,,,,,,,,,,,,,,,,,,,,,,,,,,,,,,
Jassa_SW0935_F_29,T,C,A,T,T,T,G,G,C,A,C,A,T,C,A,C,T,A,T,C,T,C,T,T,C,A,A,,,,,,,,,,,,,,,,,,,,,,,,,,,,,,,
Jassa_SW0940_F_29,T,C,A,T,T,T,G,G,C,A,C,A,T,C,A,C,T,A,T,C,T,C,T,T,C,A,A,,,,,,,,,,,,,,,,,,,,,,,,,,,,,,,
Jassa_SW0942_F_29,T,C,A,T,T,T,G,G,C,A,C,A,T,C,A,C,T,A,T,C,T,C,T,T,C,A,A,,,,,,,,,,,,,,,,,,,,,,,,,,,,,,,
Jassa_SW0940_F_30,T,C,A,T,T,T,G,G,C,A,C,A,T,C,A,C,T,A,T,C,T,C,T,T,C,A,A,,,,,,,,,,,,,,,,,,,,,,,,,,,,,,,
Jassa_SW0941_F_30,,C,A,T,T,T,G,G,C,A,C,A,T,C,A,C,T,A,T,C,T,C,T,T,C,A,A,,,,,,,,,,,,,,,,,,,,,,,,,,,,,,,
Jassa_SW0942_F_30,T,C,A,T,T,T,G,G,C,A,C,A,T,C,A,C,T,A,T,C,T,C,T,T,C,A,A,,,,,,,,,,,,,,,,,,,,,,,,,,,,,,,
Jassa_SW0941_F_31,T,C,A,T,T,T,G,G,C,A,C,A,T,C,A,C,T,A,T,C,T,C,T,T,C,A,A,,,,,,,,,,,,,,,,,,,,,,,,,,,,,,,
Jassa_SW0932_F_32,,C,A,T,T,T,G,G,C,A,C,A,T,C,A,,,,,,,,,,,,,,,,,,,,,,,,,,,,,,,,,,,,,,,,,,,
Jassa_SW0935_F_33,T,C,A,T,T,T,G,G,C,A,C,A,T,C,A,C,T,A,T,C,T,C,T,T,C,A,A,,,,,,,,,,,,,,,,,,,,,,,,,,,,,,,
Jassa_SW0941_F_34,T,C,A,T,T,T,G,G,C,A,C,A,T,C,A,C,T,A,T,C,T,C,T,T,C,A,A,,,,,,,,,,,,,,,,,,,,,,,,,,,,,,,
Jassa_SW0941_F_35,,C,A,T,T,T,G,G,C,A,C,A,T,C,A,,,,,,,,,,,,,,,,,,,,,,,,,,,,,,,,,,,,,,,,,,,
Jassa_SW0934_F_37,T,C,A,T,T,T,G,G,C,A,C,A,T,C,A,C,T,A,T,C,T,C,T,T,C,A,A,,,,,,,,,,,,,,,,,,,,,,,,,,,,,,,
Jassa_SW0936_F_37,T,C,A,T,T,T,G,G,C,A,C,A,T,C,A,C,T,A,T,C,T,C,T,T,C,A,A,,,,,,,,,,,,,,,,,,,,,,,,,,,,,,,
Jassa_SW0935_F_38,T,C,A,T,T,T,G,G,C,A,C,A,T,C,A,C,T,A,T,C,T,C,T,T,C,A,A,,,,,,,,,,,,,,,,,,,,,,,,,,,,,,,
Jassa_SW0936_F_38,T,C,A,T,T,T,G,G,C,A,C,A,T,C,A,C,T,A,T,C,T,C,T,T,C,A,A,,,,,,,,,,,,,,,,,,,,,,,,,,,,,,,
Jassa_SW0941_F_38,,C,A,T,T,T,G,G,C,A,C,A,T,C,A,C,T,A,T,C,T,C,T,T,C,A,A,,,,,,,,,,,,,,,,,,,,,,,,,,,,,,,
Jassa_SW0942_F_38,T,C,A,T,T,T,G,G,C,A,C,A,T,C,,,,,,,,,,,,,,,,,,,,,,,,,,,,,,,,,,,,,,,,,,,,
Jassa_SW0936_F_39,T,C,A,T,T,T,G,G,C,A,C,A,T,C,A,C,T,A,T,C,T,C,T,T,C,A,A,,,,,,,,,,,,,,,,,,,,,,,,,,,,,,,
Jassa_SW0941_F_39,T,C,A,T,T,T,G,G,C,A,C,A,T,C,A,C,T,A,T,C,T,C,T,T,C,A,A,,,,,,,,,,,,,,,,,,,,,,,,,,,,,,,
Jassa_SW0936_F_40,T,C,A,T,T,T,G,G,C,A,C,A,T,C,A,C,T,A,T,C,T,C,T,T,C,A,A,,,,,,,,,,,,,,,,,,,,,,,,,,,,,,,
Jassa_SW0936_F_41,T,C,A,T,T,T,G,G,C,A,C,A,T,C,A,C,T,A,T,C,T,C,T,T,C,A,A,,,,,,,,,,,,,,,,,,,,,,,,,,,,,,,
Jassa_SW0940_F_41,T,C,A,T,T,T,G,G,C,A,C,A,T,C,A,C,T,A,T,C,T,C,T,T,C,A,A,,,,,,,,,,,,,,,,,,,,,,,,,,,,,,,
Jassa_SW0934_F_42,T,C,A,T,T,T,G,G,C,A,C,A,T,C,A,C,T,A,T,C,T,C,T,T,C,A,A,,,,,,,,,,,,,,,,,,,,,,,,,,,,,,,
Jassa_SW0935_F_42,T,C,A,T,T,T,G,G,C,A,C,A,T,C,A,C,T,A,T,C,T,C,T,T,C,A,A,,,,,,,,,,,,,,,,,,,,,,,,,,,,,,,
Jassa_SW0935_F_43,T,C,A,T,T,T,G,G,C,A,C,A,T,C,A,C,T,A,T,C,T,C,T,T,C,A,A,,,,,,,,,,,,,,,,,,,,,,,,,,,,,,,
Jassa_SW0940_F_43,T,C,A,T,T,T,G,G,C,A,C,A,T,C,A,C,T,A,T,C,T,C,T,T,C,A,A,,,,,,,,,,,,,,,,,,,,,,,,,,,,,,,
Jassa_SW0935_F_44,T,C,A,T,T,T,G,G,C,A,C,A,T,C,A,C,T,A,T,C,T,C,T,T,C,A,A,,,,,,,,,,,,,,,,,,,,,,,,,,,,,,,
Jassa_SW0933_F_45,T,C,A,T,T,T,G,G,C,A,C,A,T,C,A,,,,,,,,,,,,,,,,,,,,,,,,,,,,,,,,,,,,,,,,,,,
Jassa_SW0935_F_45,T,C,A,T,T,T,G,G,C,A,C,A,T,C,A,C,T,A,T,C,T,C,T,T,C,A,A,,,,,,,,,,,,,,,,,,,,,,,,,,,,,,,
Jassa_SW0942_F_45,T,C,A,T,T,T,G,G,C,A,C,A,T,C,A,,,,,,,,,,,,,,,,,,,,,,,,,,,,,,,,,,,,,,,,,,,
Jassa_SW0935_F_46,T,C,A,T,T,T,G,G,C,A,C,A,T,C,A,C,T,A,T,C,T,C,T,T,C,A,A,,,,,,,,,,,,,,,,,,,,,,,,,,,,,,,
Jassa_SW0935_F_48,T,C,A,T,T,T,G,G,C,A,C,A,T,C,A,C,T,A,T,C,T,C,T,T,C,A,A,,,,,,,,,,,,,,,,,,,,,,,,,,,,,,,
Jassa_SW0941_F_48,T,C,A,T,T,T,G,G,C,A,C,A,T,C,A,C,T,A,T,C,T,C,T,T,C,A,A,,,,,,,,,,,,,,,,,,,,,,,,,,,,,,,
Jassa_ST0729_F_71,,C,A,T,T,T,G,G,C,A,C,A,T,C,A,C,C,A,,,,,,,,,,,,,,,,,,,,,,,,,,,,,,,,,,,,,,,,
Jassa_SW0935_F_10,T,C,A,T,T,T,G,G,C,A,C,A,T,C,A,C,T,G,T,A,T,C,T,T,C,A,A,,,,,,,,,,,,,,,,,,,,,,,,,,,,,,,
Jassa_SW0932_F_34,T,C,A,T,T,T,G,G,C,A,C,A,T,C,A,T,C,A,T,C,T,C,T,T,C,A,A,,,,,,,,,,,,,,,,,,,,,,,,,,,,,,,
Jassa_ST0729_F_06,,,,,T,T,C,G,C,A,C,A,T,C,A,T,T,A,T,A,T,C,T,T,T,A,A,,,,,,,,,,,,,,,,,,,,,,,,,,,,,,,
Jassa_ST0729_F_09,,,,,,,C,G,C,A,C,A,T,C,A,T,T,A,T,A,T,C,T,T,T,A,A,,,,,,,,,,,,,,,,,,,,,,,,,,,,,,,
Jassa_SW0935_F_32,T,C,G,T,T,T,C,G,C,A,C,A,T,C,A,T,T,A,T,A,T,C,T,T,T,A,A,,,,,,,,,,,,,,,,,,,,,,,,,,,,,,,
Jassa_SW0935_F_24,T,C,G,T,T,T,C,G,C,A,C,A,T,G,A,T,T,A,T,A,T,C,T,,,,,,,,,,,,,,,,,,,,,,,,,,,,,,,,,,,
Jassa_SW0933_F_15,T,T,A,T,T,T,C,G,C,A,C,A,T,T,G,T,C,A,T,A,T,T,T,T,C,A,A,,,,,,,,,,,,,,,,,,,,,,,,,,,,,,,
Jassa_SW0933_F_28,T,T,A,T,T,T,C,G,C,A,C,A,T,T,G,T,C,A,T,A,T,T,T,T,C,A,A,,,,,,,,,,,,,,,,,,,,,,,,,,,,,,,
Jassa_SW0933_F_37,,T,A,T,T,T,C,G,C,A,C,A,T,T,G,,,,,,,,,,,,,,,,,,,,,,,,,,,,,,,,,,,,,,,,,,,
Jassa_SW0933_F_39,,T,A,T,T,T,C,G,C,A,C,A,T,T,G,,,,,,,,,,,,,,,,,,,,,,,,,,,,,,,,,,,,,,,,,,,
Jassa_SW0941_F_22,T,T,A,T,T,T,C,G,C,A,C,A,T,T,G,T,T,A,T,A,T,T,T,T,C,A,A,,,,,,,,,,,,,,,,,,,,,,,,,,,,,,,
Jassa_SW0566_F_31,,,,,,,C,G,C,A,C,A,T,T,G,T,T,A,T,A,T,T,T,T,C,A,A,,,,,,,,,,,,,,,,,,,,,,,,,,,,,,,
Jassa_SW0936_F_42,T,T,A,T,T,T,C,G,C,A,C,A,T,T,G,T,T,A,T,A,T,T,T,T,C,A,A,,,,,,,,,,,,,,,,,,,,,,,,,,,,,,,
Jassa_SW0941_F_20,T,T,G,T,T,T,C,G,C,A,C,A,T,T,G,T,T,A,T,A,T,T,T,T,C,A,A,,,,,,,,,,,,,,,,,,,,,,,,,,,,,,,
Jassa_ST0729_F_43,T,T,G,T,T,T,C,G,C,A,C,A,T,T,G,T,T,A,T,A,T,T,T,T,C,A,A,,,,,,,,,,,,,,,,,,,,,,,,,,,,,,,
Jassa_L10A_F_34,,,,,,C,C,C,C,A,C,A,T,G,A,T,T,A,T,A,T,C,T,T,C,A,A,,,,,,,,,,,,,,,,,,,,,,,,,,,,,,,
Jassa_L10A_F_40,,C,A,T,T,C,G,G,C,A,C,A,T,C,A,C,T,A,T,C,T,C,T,T,C,A,A,,,,,,,,,,,,,,,,,,,,,,,,,,,,,,,
Jassa_SW0932_F_18,,C,A,T,T,T,C,G,C,A,C,A,T,C,A,C,C,A,T,A,T,C,T,T,T,A,A,,,,,,,,,,,,,,,,,,,,,,,,,,,,,,,
Jassa_L10A_F_41,,,,,T,C,C,G,C,A,C,A,T,C,A,T,T,A,T,A,T,C,T,T,T,A,A,,,,,,,,,,,,,,,,,,,,,,,,,,,,,,,
Jassa_SW0569_F_18,,,,,,,G,G,C,A,C,A,T,C,A,T,T,A,T,A,T,C,T,T,T,A,A,,,,,,,,,,,,,,,,,,,,,,,,,,,,,,,
Jassa_L10C_F_33,,,,,,,G,G,C,A,C,A,T,C,A,T,T,A,T,A,T,C,T,T,T,A,A,,,,,,,,,,,,,,,,,,,,,,,,,,,,,,,
Jassa_SW0941_F_41,,C,A,T,T,T,G,G,C,A,C,A,T,C,A,T,T,A,T,A,T,C,T,T,T,A,A,,,,,,,,,,,,,,,,,,,,,,,,,,,,,,,
Jassa_L10A_F_15,,C,A,T,T,T,C,C,C,A,C,A,T,G,A,T,T,A,T,A,T,C,T,T,C,A,G,,,,,,,,,,,,,,,,,,,,,,,,,,,,,,,
Jassa_Godewind_F_05,,C,A,T,T,T,G,C,C,A,C,A,T,C,A,,,,,,,,,,,,,,,,,,,,,,,,,,,,,,,,,,,,,,,,,,,
Jassa_L10C_F_25,T,C,A,T,T,T,C,G,T,A,C,G,C,T,A,T,T,A,T,A,T,C,T,C,C,,,,,,,,,,,,,,,,,,,,,,,,,,,,,,,,,
Jassa_S11B01_F_28,T,C,A,T,T,T,C,G,T,G,C,G,C,T,A,T,T,A,T,A,T,C,,,,,,,,,,,,,,,,,,,,,,,,,,,,,,,,,,,,
Jassa_L10C_F_13,,C,A,T,T,T,G,G,C,G,C,A,T,T,A,C,T,A,T,A,C,C,T,T,,,,,,,,,,,,,,,,,,,,,,,,,,,,,,,,,,
Jassa_L10C_F_22,,,A,T,T,T,C,G,T,A,C,G,C,T,A,T,T,A,T,A,T,C,C,,,,,,,,,,,,,,,,,,,,,,,,,,,,,,,,,,,
Jassa_SP0654_F_23,T,C,A,T,T,T,C,G,C,A,C,G,T,G,A,T,T,A,T,A,T,C,T,T,C,A,A,,,,,,,,,,,,,,,,,,,,,,,,,,,,,,,
